-- phpMyAdmin SQL Dump
-- version 5.2.1
-- https://www.phpmyadmin.net/
--
-- Máy chủ: 127.0.0.1
-- Thời gian đã tạo: Th6 19, 2026 lúc 09:47 AM
-- Phiên bản máy phục vụ: 10.4.32-MariaDB
-- Phiên bản PHP: 8.2.12

SET SQL_MODE = "NO_AUTO_VALUE_ON_ZERO";
START TRANSACTION;
SET time_zone = "+00:00";


/*!40101 SET @OLD_CHARACTER_SET_CLIENT=@@CHARACTER_SET_CLIENT */;
/*!40101 SET @OLD_CHARACTER_SET_RESULTS=@@CHARACTER_SET_RESULTS */;
/*!40101 SET @OLD_COLLATION_CONNECTION=@@COLLATION_CONNECTION */;
/*!40101 SET NAMES utf8mb4 */;

--
-- Cơ sở dữ liệu: `khokyyeu`
--

-- --------------------------------------------------------

--
-- Cấu trúc bảng cho bảng `cache`
--

CREATE TABLE `cache` (
  `key` varchar(255) NOT NULL,
  `value` mediumtext NOT NULL,
  `expiration` int(11) NOT NULL
) ENGINE=InnoDB DEFAULT CHARSET=utf8mb4 COLLATE=utf8mb4_unicode_ci;

-- --------------------------------------------------------

--
-- Cấu trúc bảng cho bảng `cache_locks`
--

CREATE TABLE `cache_locks` (
  `key` varchar(255) NOT NULL,
  `owner` varchar(255) NOT NULL,
  `expiration` int(11) NOT NULL
) ENGINE=InnoDB DEFAULT CHARSET=utf8mb4 COLLATE=utf8mb4_unicode_ci;

-- --------------------------------------------------------

--
-- Cấu trúc bảng cho bảng `concepts`
--

CREATE TABLE `concepts` (
  `id` bigint(20) UNSIGNED NOT NULL,
  `name` varchar(255) NOT NULL,
  `slug` varchar(255) DEFAULT NULL,
  `thumbnail` varchar(255) DEFAULT NULL,
  `description` text DEFAULT NULL,
  `status` tinyint(1) NOT NULL DEFAULT 1,
  `created_at` timestamp NULL DEFAULT NULL,
  `updated_at` timestamp NULL DEFAULT NULL,
  `price` decimal(12,0) NOT NULL DEFAULT 0,
  `discount_percent` decimal(5,2) NOT NULL DEFAULT 0.00
) ENGINE=InnoDB DEFAULT CHARSET=utf8mb4 COLLATE=utf8mb4_unicode_ci;

--
-- Đang đổ dữ liệu cho bảng `concepts`
--

INSERT INTO `concepts` (`id`, `name`, `slug`, `thumbnail`, `description`, `status`, `created_at`, `updated_at`, `price`, `discount_percent`) VALUES
(7, 'USA', 'usa', NULL, NULL, 1, '2026-06-18 09:45:18', '2026-06-18 11:36:56', 100000, 10.00),
(8, 'Truyen thong', 'truyen-thong', NULL, NULL, 1, '2026-06-18 09:45:47', '2026-06-18 11:36:49', 50000, 3.00),
(9, 'Đen', 'den', NULL, NULL, 1, '2026-06-18 15:42:50', '2026-06-18 15:42:50', 50000, 3.00);

-- --------------------------------------------------------

--
-- Cấu trúc bảng cho bảng `concept_costume`
--

CREATE TABLE `concept_costume` (
  `id` bigint(20) UNSIGNED NOT NULL,
  `concept_id` bigint(20) UNSIGNED NOT NULL,
  `costume_id` bigint(20) UNSIGNED NOT NULL,
  `created_at` timestamp NULL DEFAULT NULL,
  `updated_at` timestamp NULL DEFAULT NULL
) ENGINE=InnoDB DEFAULT CHARSET=utf8mb4 COLLATE=utf8mb4_unicode_ci;

--
-- Đang đổ dữ liệu cho bảng `concept_costume`
--

INSERT INTO `concept_costume` (`id`, `concept_id`, `costume_id`, `created_at`, `updated_at`) VALUES
(13, 7, 20, NULL, NULL),
(14, 7, 25, NULL, NULL),
(15, 7, 26, NULL, NULL),
(16, 8, 15, NULL, NULL),
(17, 8, 17, NULL, NULL),
(18, 8, 13, NULL, NULL),
(19, 9, 46, NULL, NULL),
(20, 9, 19, NULL, NULL),
(21, 9, 22, NULL, NULL);

-- --------------------------------------------------------

--
-- Cấu trúc bảng cho bảng `costumes`
--

CREATE TABLE `costumes` (
  `id` bigint(20) UNSIGNED NOT NULL,
  `category_id` bigint(20) UNSIGNED NOT NULL,
  `code` varchar(255) NOT NULL,
  `name` varchar(255) NOT NULL,
  `gender` enum('male','female','unisex') NOT NULL DEFAULT 'unisex',
  `has_size` tinyint(1) NOT NULL DEFAULT 1,
  `rental_price` decimal(12,0) NOT NULL DEFAULT 0,
  `image` varchar(255) DEFAULT NULL,
  `description` text DEFAULT NULL,
  `status` tinyint(1) NOT NULL DEFAULT 1,
  `created_at` timestamp NULL DEFAULT NULL,
  `updated_at` timestamp NULL DEFAULT NULL
) ENGINE=InnoDB DEFAULT CHARSET=utf8mb4 COLLATE=utf8mb4_unicode_ci;

--
-- Đang đổ dữ liệu cho bảng `costumes`
--

INSERT INTO `costumes` (`id`, `category_id`, `code`, `name`, `gender`, `has_size`, `rental_price`, `image`, `description`, `status`, `created_at`, `updated_at`) VALUES
(13, 7, 'CN', 'Cử nhân thường', 'unisex', 0, 10000, NULL, NULL, 1, '2026-06-18 01:14:55', '2026-06-18 22:41:55'),
(14, 7, 'CNQT', 'Áo cử nhân Quốc tế', 'unisex', 0, 15000, NULL, NULL, 1, '2026-06-18 01:15:45', '2026-06-18 22:41:55'),
(15, 10, 'ADT', 'Áo dài thường', 'female', 1, 0, NULL, NULL, 1, '2026-06-18 01:16:25', '2026-06-18 22:41:55'),
(16, 10, 'ADTB', 'Áo dài tay bồng', 'female', 1, 0, NULL, NULL, 1, '2026-06-18 01:16:59', '2026-06-18 22:41:55'),
(17, 11, 'AVT', 'Vest thường', 'male', 1, 0, NULL, NULL, 1, '2026-06-18 01:17:26', '2026-06-18 22:41:55'),
(18, 11, 'AV6C', 'Vest 6 cúc', 'male', 1, 0, NULL, NULL, 1, '2026-06-18 01:18:04', '2026-06-18 22:41:55'),
(19, 7, 'ASMT', 'Sơ mi trắng', 'unisex', 1, 0, NULL, NULL, 1, '2026-06-18 01:18:56', '2026-06-18 22:41:55'),
(20, 7, 'ASMX', 'Sơ mi xanh', 'unisex', 1, 0, NULL, NULL, 1, '2026-06-18 01:19:30', '2026-06-18 22:41:55'),
(21, 7, 'ASMTN', 'Sơ mi trung nữ', 'female', 1, 0, NULL, NULL, 1, '2026-06-18 01:20:09', '2026-06-18 01:20:09'),
(22, 9, 'VD', 'Váy đen', 'female', 1, 0, NULL, NULL, 1, '2026-06-18 01:20:57', '2026-06-18 22:41:55'),
(23, 9, 'VB', 'Váy be', 'female', 1, 0, NULL, NULL, 1, '2026-06-18 01:21:14', '2026-06-18 22:41:55'),
(24, 8, 'QBE', 'Quần be', 'male', 1, 0, NULL, NULL, 1, '2026-06-18 01:21:39', '2026-06-18 22:41:55'),
(25, 11, 'VMNam', 'Vest Mỹ Nam', 'male', 1, 0, NULL, NULL, 1, '2026-06-18 01:22:15', '2026-06-18 22:41:55'),
(26, 11, 'VMNu', 'Vest Mỹ Nữ', 'female', 1, 0, NULL, NULL, 1, '2026-06-18 01:22:37', '2026-06-18 22:41:55'),
(27, 12, 'CVD', 'Cavat đen', 'male', 0, 0, NULL, NULL, 1, '2026-06-18 01:23:42', '2026-06-18 22:41:55'),
(28, 12, 'CVDo', 'Cavat đỏ', 'male', 0, 0, NULL, NULL, 1, '2026-06-18 01:24:36', '2026-06-18 22:41:55'),
(29, 12, 'NOD', 'Nơ đen', 'female', 0, 0, NULL, NULL, 1, '2026-06-18 01:24:57', '2026-06-18 22:41:55'),
(30, 7, 'ASMNU', 'Sơ mi nữ', 'female', 1, 0, NULL, NULL, 1, '2026-06-18 22:41:55', '2026-06-18 22:41:55'),
(35, 10, 'ADTRANG', 'Áo dài trắng', 'female', 1, 0, NULL, NULL, 1, '2026-06-18 22:41:55', '2026-06-18 22:41:55'),
(36, 10, 'ADDO', 'Áo dài đỏ', 'female', 1, 0, NULL, NULL, 1, '2026-06-18 22:41:55', '2026-06-18 22:41:55'),
(43, 9, 'VTRANG', 'Váy trắng', 'female', 1, 0, NULL, NULL, 1, '2026-06-18 22:41:55', '2026-06-18 22:41:55'),
(46, 8, 'QD', 'Quần đen', 'male', 1, 0, NULL, NULL, 1, '2026-06-18 22:41:55', '2026-06-18 22:41:55'),
(47, 8, 'QTRANG', 'Quần trắng', 'male', 1, 0, NULL, NULL, 1, '2026-06-18 22:41:55', '2026-06-18 22:41:55'),
(49, 12, 'CVX', 'Cavat xanh', 'male', 0, 0, NULL, NULL, 1, '2026-06-18 22:41:55', '2026-06-18 22:41:55'),
(50, 12, 'NODO', 'Nơ đỏ', 'female', 0, 0, NULL, NULL, 1, '2026-06-18 22:41:55', '2026-06-18 22:41:55'),
(51, 12, 'NON', 'Nón cử nhân', 'unisex', 0, 0, NULL, NULL, 1, '2026-06-18 22:41:55', '2026-06-18 22:41:55');

-- --------------------------------------------------------

--
-- Cấu trúc bảng cho bảng `costume_categories`
--

CREATE TABLE `costume_categories` (
  `id` bigint(20) UNSIGNED NOT NULL,
  `name` varchar(255) NOT NULL,
  `slug` varchar(255) DEFAULT NULL,
  `status` tinyint(1) NOT NULL DEFAULT 1,
  `created_at` timestamp NULL DEFAULT NULL,
  `updated_at` timestamp NULL DEFAULT NULL
) ENGINE=InnoDB DEFAULT CHARSET=utf8mb4 COLLATE=utf8mb4_unicode_ci;

--
-- Đang đổ dữ liệu cho bảng `costume_categories`
--

INSERT INTO `costume_categories` (`id`, `name`, `slug`, `status`, `created_at`, `updated_at`) VALUES
(7, 'Áo', NULL, 1, '2026-06-18 01:13:34', '2026-06-18 01:13:34'),
(8, 'Quần', NULL, 1, '2026-06-18 01:13:34', '2026-06-18 01:13:34'),
(9, 'Váy', NULL, 1, '2026-06-18 01:13:34', '2026-06-18 01:13:34'),
(10, 'Áo dài', NULL, 1, '2026-06-18 01:13:34', '2026-06-18 01:13:34'),
(11, 'Vest', NULL, 1, '2026-06-18 01:13:34', '2026-06-18 01:13:34'),
(12, 'Phụ kiện', NULL, 1, '2026-06-18 01:13:34', '2026-06-18 01:13:34');

-- --------------------------------------------------------

--
-- Cấu trúc bảng cho bảng `costume_sizes`
--

CREATE TABLE `costume_sizes` (
  `id` bigint(20) UNSIGNED NOT NULL,
  `costume_id` bigint(20) UNSIGNED NOT NULL,
  `size_name` varchar(255) NOT NULL,
  `display_order` int(11) NOT NULL DEFAULT 0,
  `status` tinyint(1) NOT NULL DEFAULT 1,
  `created_at` timestamp NULL DEFAULT NULL,
  `updated_at` timestamp NULL DEFAULT NULL
) ENGINE=InnoDB DEFAULT CHARSET=utf8mb4 COLLATE=utf8mb4_unicode_ci;

--
-- Đang đổ dữ liệu cho bảng `costume_sizes`
--

INSERT INTO `costume_sizes` (`id`, `costume_id`, `size_name`, `display_order`, `status`, `created_at`, `updated_at`) VALUES
(19, 15, 'S', 1, 1, '2026-06-18 01:38:47', '2026-06-18 01:38:47'),
(20, 15, 'M', 2, 1, '2026-06-18 01:38:47', '2026-06-18 01:38:47'),
(21, 15, 'L', 3, 1, '2026-06-18 01:38:47', '2026-06-18 01:38:47'),
(22, 15, 'XL', 4, 1, '2026-06-18 01:38:47', '2026-06-18 01:38:47'),
(23, 15, '2XL', 5, 1, '2026-06-18 01:38:47', '2026-06-18 01:38:47'),
(24, 15, '3XL', 6, 1, '2026-06-18 01:38:47', '2026-06-18 01:38:47'),
(25, 15, '4XL', 7, 1, '2026-06-18 01:38:47', '2026-06-18 01:38:47'),
(26, 15, '5XL', 8, 1, '2026-06-18 01:38:47', '2026-06-18 01:38:47'),
(27, 15, '6XL', 9, 1, '2026-06-18 01:38:47', '2026-06-18 01:38:47'),
(28, 16, 'S', 1, 1, '2026-06-18 01:38:47', '2026-06-18 01:38:47'),
(29, 16, 'M', 2, 1, '2026-06-18 01:38:47', '2026-06-18 01:38:47'),
(30, 16, 'L', 3, 1, '2026-06-18 01:38:47', '2026-06-18 01:38:47'),
(31, 16, 'XL', 4, 1, '2026-06-18 01:38:47', '2026-06-18 01:38:47'),
(32, 16, '2XL', 5, 1, '2026-06-18 01:38:47', '2026-06-18 01:38:47'),
(33, 16, '3XL', 6, 1, '2026-06-18 01:38:47', '2026-06-18 01:38:47'),
(34, 16, '4XL', 7, 1, '2026-06-18 01:38:47', '2026-06-18 01:38:47'),
(35, 16, '5XL', 8, 1, '2026-06-18 01:38:47', '2026-06-18 01:38:47'),
(36, 16, '6XL', 9, 1, '2026-06-18 01:38:47', '2026-06-18 01:38:47'),
(37, 19, 'S', 1, 1, '2026-06-18 01:38:47', '2026-06-18 01:38:47'),
(38, 19, 'M', 2, 1, '2026-06-18 01:38:47', '2026-06-18 01:38:47'),
(39, 19, 'L', 3, 1, '2026-06-18 01:38:47', '2026-06-18 01:38:47'),
(40, 19, 'XL', 4, 1, '2026-06-18 01:38:47', '2026-06-18 01:38:47'),
(41, 19, '2XL', 5, 1, '2026-06-18 01:38:47', '2026-06-18 01:38:47'),
(42, 19, '3XL', 6, 1, '2026-06-18 01:38:47', '2026-06-18 01:38:47'),
(43, 19, '4XL', 7, 1, '2026-06-18 01:38:47', '2026-06-18 01:38:47'),
(44, 19, '5XL', 8, 1, '2026-06-18 01:38:47', '2026-06-18 01:38:47'),
(45, 19, '6XL', 9, 1, '2026-06-18 01:38:47', '2026-06-18 01:38:47'),
(46, 20, 'S', 1, 1, '2026-06-18 01:38:47', '2026-06-18 01:38:47'),
(47, 20, 'M', 2, 1, '2026-06-18 01:38:47', '2026-06-18 01:38:47'),
(48, 20, 'L', 3, 1, '2026-06-18 01:38:47', '2026-06-18 01:38:47'),
(49, 20, 'XL', 4, 1, '2026-06-18 01:38:47', '2026-06-18 01:38:47'),
(50, 20, '2XL', 5, 1, '2026-06-18 01:38:47', '2026-06-18 01:38:47'),
(51, 20, '3XL', 6, 1, '2026-06-18 01:38:47', '2026-06-18 01:38:47'),
(52, 20, '4XL', 7, 1, '2026-06-18 01:38:47', '2026-06-18 01:38:47'),
(53, 20, '5XL', 8, 1, '2026-06-18 01:38:47', '2026-06-18 01:38:47'),
(54, 20, '6XL', 9, 1, '2026-06-18 01:38:47', '2026-06-18 01:38:47'),
(55, 21, 'S', 1, 1, '2026-06-18 01:38:47', '2026-06-18 01:38:47'),
(56, 21, 'M', 2, 1, '2026-06-18 01:38:47', '2026-06-18 01:38:47'),
(57, 21, 'L', 3, 1, '2026-06-18 01:38:47', '2026-06-18 01:38:47'),
(58, 21, 'XL', 4, 1, '2026-06-18 01:38:47', '2026-06-18 01:38:47'),
(59, 21, '2XL', 5, 1, '2026-06-18 01:38:47', '2026-06-18 01:38:47'),
(60, 21, '3XL', 6, 1, '2026-06-18 01:38:47', '2026-06-18 01:38:47'),
(61, 21, '4XL', 7, 1, '2026-06-18 01:38:47', '2026-06-18 01:38:47'),
(62, 21, '5XL', 8, 1, '2026-06-18 01:38:47', '2026-06-18 01:38:47'),
(63, 21, '6XL', 9, 1, '2026-06-18 01:38:47', '2026-06-18 01:38:47'),
(64, 22, 'S', 1, 1, '2026-06-18 01:38:47', '2026-06-18 01:38:47'),
(65, 22, 'M', 2, 1, '2026-06-18 01:38:47', '2026-06-18 01:38:47'),
(66, 22, 'L', 3, 1, '2026-06-18 01:38:47', '2026-06-18 01:38:47'),
(67, 22, 'XL', 4, 1, '2026-06-18 01:38:47', '2026-06-18 01:38:47'),
(68, 22, '2XL', 5, 1, '2026-06-18 01:38:47', '2026-06-18 01:38:47'),
(69, 22, '3XL', 6, 1, '2026-06-18 01:38:47', '2026-06-18 01:38:47'),
(70, 22, '4XL', 7, 1, '2026-06-18 01:38:47', '2026-06-18 01:38:47'),
(71, 22, '5XL', 8, 1, '2026-06-18 01:38:47', '2026-06-18 01:38:47'),
(72, 22, '6XL', 9, 1, '2026-06-18 01:38:47', '2026-06-18 01:38:47'),
(73, 23, 'S', 1, 1, '2026-06-18 01:38:47', '2026-06-18 01:38:47'),
(74, 23, 'M', 2, 1, '2026-06-18 01:38:47', '2026-06-18 01:38:47'),
(75, 23, 'L', 3, 1, '2026-06-18 01:38:47', '2026-06-18 01:38:47'),
(76, 23, 'XL', 4, 1, '2026-06-18 01:38:47', '2026-06-18 01:38:47'),
(77, 23, '2XL', 5, 1, '2026-06-18 01:38:47', '2026-06-18 01:38:47'),
(78, 23, '3XL', 6, 1, '2026-06-18 01:38:47', '2026-06-18 01:38:47'),
(79, 23, '4XL', 7, 1, '2026-06-18 01:38:47', '2026-06-18 01:38:47'),
(80, 23, '5XL', 8, 1, '2026-06-18 01:38:47', '2026-06-18 01:38:47'),
(81, 23, '6XL', 9, 1, '2026-06-18 01:38:47', '2026-06-18 01:38:47'),
(82, 17, '2', 1, 1, '2026-06-18 01:38:47', '2026-06-18 01:38:47'),
(83, 17, '3', 2, 1, '2026-06-18 01:38:47', '2026-06-18 01:38:47'),
(84, 17, '4', 3, 1, '2026-06-18 01:38:47', '2026-06-18 01:38:47'),
(85, 17, '5', 4, 1, '2026-06-18 01:38:47', '2026-06-18 01:38:47'),
(86, 17, '6', 5, 1, '2026-06-18 01:38:47', '2026-06-18 01:38:47'),
(87, 17, 'XL', 6, 1, '2026-06-18 01:38:47', '2026-06-18 01:38:47'),
(88, 17, '2XL', 7, 1, '2026-06-18 01:38:47', '2026-06-18 01:38:47'),
(89, 17, '45', 8, 1, '2026-06-18 01:38:47', '2026-06-18 01:38:47'),
(90, 17, '46', 9, 1, '2026-06-18 01:38:47', '2026-06-18 01:38:47'),
(91, 17, '47', 10, 1, '2026-06-18 01:38:47', '2026-06-18 01:38:47'),
(92, 17, '48', 11, 1, '2026-06-18 01:38:47', '2026-06-18 01:38:47'),
(93, 18, '2', 1, 1, '2026-06-18 01:38:47', '2026-06-18 01:38:47'),
(94, 18, '3', 2, 1, '2026-06-18 01:38:47', '2026-06-18 01:38:47'),
(95, 18, '4', 3, 1, '2026-06-18 01:38:47', '2026-06-18 01:38:47'),
(96, 18, '5', 4, 1, '2026-06-18 01:38:47', '2026-06-18 01:38:47'),
(97, 18, '6', 5, 1, '2026-06-18 01:38:47', '2026-06-18 01:38:47'),
(98, 18, 'XL', 6, 1, '2026-06-18 01:38:47', '2026-06-18 01:38:47'),
(99, 18, '2XL', 7, 1, '2026-06-18 01:38:47', '2026-06-18 01:38:47'),
(100, 18, '45', 8, 1, '2026-06-18 01:38:47', '2026-06-18 01:38:47'),
(101, 18, '46', 9, 1, '2026-06-18 01:38:47', '2026-06-18 01:38:47'),
(102, 18, '47', 10, 1, '2026-06-18 01:38:47', '2026-06-18 01:38:47'),
(103, 18, '48', 11, 1, '2026-06-18 01:38:47', '2026-06-18 01:38:47'),
(104, 24, '2', 1, 1, '2026-06-18 01:38:47', '2026-06-18 01:38:47'),
(105, 24, '3', 2, 1, '2026-06-18 01:38:47', '2026-06-18 01:38:47'),
(106, 24, '4', 3, 1, '2026-06-18 01:38:47', '2026-06-18 01:38:47'),
(107, 24, '5', 4, 1, '2026-06-18 01:38:47', '2026-06-18 01:38:47'),
(108, 24, '6', 5, 1, '2026-06-18 01:38:47', '2026-06-18 01:38:47'),
(109, 24, 'XL', 6, 1, '2026-06-18 01:38:47', '2026-06-18 01:38:47'),
(110, 24, '2XL', 7, 1, '2026-06-18 01:38:47', '2026-06-18 01:38:47'),
(111, 24, '45', 8, 1, '2026-06-18 01:38:47', '2026-06-18 01:38:47'),
(112, 24, '46', 9, 1, '2026-06-18 01:38:47', '2026-06-18 01:38:47'),
(113, 24, '47', 10, 1, '2026-06-18 01:38:47', '2026-06-18 01:38:47'),
(114, 24, '48', 11, 1, '2026-06-18 01:38:47', '2026-06-18 01:38:47'),
(115, 14, 'freesize', 1, 1, '2026-06-18 01:50:20', '2026-06-18 01:50:20'),
(116, 13, 'freesize', 1, 1, '2026-06-18 01:50:43', '2026-06-18 01:50:43'),
(117, 36, 'S', 1, 1, '2026-06-18 22:41:55', '2026-06-18 22:41:55'),
(118, 36, 'M', 2, 1, '2026-06-18 22:41:55', '2026-06-18 22:41:55'),
(119, 36, 'L', 3, 1, '2026-06-18 22:41:55', '2026-06-18 22:41:55'),
(120, 36, 'XL', 4, 1, '2026-06-18 22:41:55', '2026-06-18 22:41:55'),
(121, 36, '2XL', 5, 1, '2026-06-18 22:41:55', '2026-06-18 22:41:55'),
(122, 36, '3XL', 6, 1, '2026-06-18 22:41:55', '2026-06-18 22:41:55'),
(123, 36, '4XL', 7, 1, '2026-06-18 22:41:55', '2026-06-18 22:41:55'),
(124, 36, '5XL', 8, 1, '2026-06-18 22:41:55', '2026-06-18 22:41:55'),
(125, 36, '6XL', 9, 1, '2026-06-18 22:41:55', '2026-06-18 22:41:55'),
(126, 35, 'S', 1, 1, '2026-06-18 22:41:55', '2026-06-18 22:41:55'),
(127, 35, 'M', 2, 1, '2026-06-18 22:41:55', '2026-06-18 22:41:55'),
(128, 35, 'L', 3, 1, '2026-06-18 22:41:55', '2026-06-18 22:41:55'),
(129, 35, 'XL', 4, 1, '2026-06-18 22:41:55', '2026-06-18 22:41:55'),
(130, 35, '2XL', 5, 1, '2026-06-18 22:41:55', '2026-06-18 22:41:55'),
(131, 35, '3XL', 6, 1, '2026-06-18 22:41:55', '2026-06-18 22:41:55'),
(132, 35, '4XL', 7, 1, '2026-06-18 22:41:55', '2026-06-18 22:41:55'),
(133, 35, '5XL', 8, 1, '2026-06-18 22:41:55', '2026-06-18 22:41:55'),
(134, 35, '6XL', 9, 1, '2026-06-18 22:41:55', '2026-06-18 22:41:55'),
(135, 30, 'S', 1, 1, '2026-06-18 22:41:55', '2026-06-18 22:41:55'),
(136, 30, 'M', 2, 1, '2026-06-18 22:41:55', '2026-06-18 22:41:55'),
(137, 30, 'L', 3, 1, '2026-06-18 22:41:55', '2026-06-18 22:41:55'),
(138, 30, 'XL', 4, 1, '2026-06-18 22:41:55', '2026-06-18 22:41:55'),
(139, 30, '2XL', 5, 1, '2026-06-18 22:41:55', '2026-06-18 22:41:55'),
(140, 30, '3XL', 6, 1, '2026-06-18 22:41:55', '2026-06-18 22:41:55'),
(141, 30, '4XL', 7, 1, '2026-06-18 22:41:55', '2026-06-18 22:41:55'),
(142, 30, '5XL', 8, 1, '2026-06-18 22:41:55', '2026-06-18 22:41:55'),
(143, 30, '6XL', 9, 1, '2026-06-18 22:41:55', '2026-06-18 22:41:55'),
(144, 26, 'S', 1, 1, '2026-06-18 22:41:55', '2026-06-18 22:41:55'),
(145, 26, 'M', 2, 1, '2026-06-18 22:41:55', '2026-06-18 22:41:55'),
(146, 26, 'L', 3, 1, '2026-06-18 22:41:55', '2026-06-18 22:41:55'),
(147, 26, 'XL', 4, 1, '2026-06-18 22:41:55', '2026-06-18 22:41:55'),
(148, 26, '2XL', 5, 1, '2026-06-18 22:41:55', '2026-06-18 22:41:55'),
(149, 26, '3XL', 6, 1, '2026-06-18 22:41:55', '2026-06-18 22:41:55'),
(150, 26, '4XL', 7, 1, '2026-06-18 22:41:55', '2026-06-18 22:41:55'),
(151, 26, '5XL', 8, 1, '2026-06-18 22:41:55', '2026-06-18 22:41:55'),
(152, 26, '6XL', 9, 1, '2026-06-18 22:41:55', '2026-06-18 22:41:55'),
(153, 43, 'S', 1, 1, '2026-06-18 22:41:55', '2026-06-18 22:41:55'),
(154, 43, 'M', 2, 1, '2026-06-18 22:41:55', '2026-06-18 22:41:55'),
(155, 43, 'L', 3, 1, '2026-06-18 22:41:55', '2026-06-18 22:41:55'),
(156, 43, 'XL', 4, 1, '2026-06-18 22:41:55', '2026-06-18 22:41:55'),
(157, 43, '2XL', 5, 1, '2026-06-18 22:41:55', '2026-06-18 22:41:55'),
(158, 43, '3XL', 6, 1, '2026-06-18 22:41:55', '2026-06-18 22:41:55'),
(159, 43, '4XL', 7, 1, '2026-06-18 22:41:55', '2026-06-18 22:41:55'),
(160, 43, '5XL', 8, 1, '2026-06-18 22:41:55', '2026-06-18 22:41:55'),
(161, 43, '6XL', 9, 1, '2026-06-18 22:41:55', '2026-06-18 22:41:55'),
(180, 46, '2', 1, 1, '2026-06-18 22:41:55', '2026-06-18 22:41:55'),
(181, 47, '2', 1, 1, '2026-06-18 22:41:55', '2026-06-18 22:41:55'),
(182, 25, '2', 1, 1, '2026-06-18 22:41:55', '2026-06-18 22:41:55'),
(183, 46, '3', 2, 1, '2026-06-18 22:41:55', '2026-06-18 22:41:55'),
(184, 47, '3', 2, 1, '2026-06-18 22:41:55', '2026-06-18 22:41:55'),
(185, 25, '3', 2, 1, '2026-06-18 22:41:55', '2026-06-18 22:41:55'),
(186, 46, '4', 3, 1, '2026-06-18 22:41:55', '2026-06-18 22:41:55'),
(187, 47, '4', 3, 1, '2026-06-18 22:41:55', '2026-06-18 22:41:55'),
(188, 25, '4', 3, 1, '2026-06-18 22:41:55', '2026-06-18 22:41:55'),
(189, 46, '5', 4, 1, '2026-06-18 22:41:55', '2026-06-18 22:41:55'),
(190, 47, '5', 4, 1, '2026-06-18 22:41:55', '2026-06-18 22:41:55'),
(191, 25, '5', 4, 1, '2026-06-18 22:41:55', '2026-06-18 22:41:55'),
(192, 46, '6', 5, 1, '2026-06-18 22:41:55', '2026-06-18 22:41:55'),
(193, 47, '6', 5, 1, '2026-06-18 22:41:55', '2026-06-18 22:41:55'),
(194, 25, '6', 5, 1, '2026-06-18 22:41:55', '2026-06-18 22:41:55'),
(195, 46, 'XL', 6, 1, '2026-06-18 22:41:55', '2026-06-18 22:41:55'),
(196, 47, 'XL', 6, 1, '2026-06-18 22:41:55', '2026-06-18 22:41:55'),
(197, 25, 'XL', 6, 1, '2026-06-18 22:41:55', '2026-06-18 22:41:55'),
(198, 46, '2XL', 7, 1, '2026-06-18 22:41:55', '2026-06-18 22:41:55'),
(199, 47, '2XL', 7, 1, '2026-06-18 22:41:55', '2026-06-18 22:41:55'),
(200, 25, '2XL', 7, 1, '2026-06-18 22:41:55', '2026-06-18 22:41:55'),
(201, 46, '45', 8, 1, '2026-06-18 22:41:55', '2026-06-18 22:41:55'),
(202, 47, '45', 8, 1, '2026-06-18 22:41:55', '2026-06-18 22:41:55'),
(203, 25, '45', 8, 1, '2026-06-18 22:41:55', '2026-06-18 22:41:55'),
(204, 46, '46', 9, 1, '2026-06-18 22:41:55', '2026-06-18 22:41:55'),
(205, 47, '46', 9, 1, '2026-06-18 22:41:55', '2026-06-18 22:41:55'),
(206, 25, '46', 9, 1, '2026-06-18 22:41:55', '2026-06-18 22:41:55'),
(207, 46, '47', 10, 1, '2026-06-18 22:41:55', '2026-06-18 22:41:55'),
(208, 47, '47', 10, 1, '2026-06-18 22:41:55', '2026-06-18 22:41:55'),
(209, 25, '47', 10, 1, '2026-06-18 22:41:55', '2026-06-18 22:41:55'),
(210, 46, '48', 11, 1, '2026-06-18 22:41:55', '2026-06-18 22:41:55'),
(211, 47, '48', 11, 1, '2026-06-18 22:41:55', '2026-06-18 22:41:55'),
(212, 25, '48', 11, 1, '2026-06-18 22:41:55', '2026-06-18 22:41:55');

-- --------------------------------------------------------

--
-- Cấu trúc bảng cho bảng `failed_jobs`
--

CREATE TABLE `failed_jobs` (
  `id` bigint(20) UNSIGNED NOT NULL,
  `uuid` varchar(255) NOT NULL,
  `connection` text NOT NULL,
  `queue` text NOT NULL,
  `payload` longtext NOT NULL,
  `exception` longtext NOT NULL,
  `failed_at` timestamp NOT NULL DEFAULT current_timestamp()
) ENGINE=InnoDB DEFAULT CHARSET=utf8mb4 COLLATE=utf8mb4_unicode_ci;

-- --------------------------------------------------------

--
-- Cấu trúc bảng cho bảng `inventories`
--

CREATE TABLE `inventories` (
  `id` bigint(20) UNSIGNED NOT NULL,
  `costume_id` bigint(20) UNSIGNED NOT NULL,
  `costume_size_id` bigint(20) UNSIGNED NOT NULL,
  `quantity` int(11) NOT NULL DEFAULT 0,
  `created_at` timestamp NULL DEFAULT NULL,
  `updated_at` timestamp NULL DEFAULT NULL,
  `rented_quantity` int(11) NOT NULL DEFAULT 0,
  `broken_quantity` int(11) NOT NULL DEFAULT 0,
  `lost_quantity` int(11) NOT NULL DEFAULT 0
) ENGINE=InnoDB DEFAULT CHARSET=utf8mb4 COLLATE=utf8mb4_unicode_ci;

--
-- Đang đổ dữ liệu cho bảng `inventories`
--

INSERT INTO `inventories` (`id`, `costume_id`, `costume_size_id`, `quantity`, `created_at`, `updated_at`, `rented_quantity`, `broken_quantity`, `lost_quantity`) VALUES
(3, 15, 19, 100, '2026-06-18 01:54:45', '2026-06-18 14:29:58', 52, 0, 0),
(4, 15, 20, 100, '2026-06-18 01:54:45', '2026-06-18 14:29:58', 40, 0, 0),
(5, 15, 21, 100, '2026-06-18 01:54:45', '2026-06-18 14:29:58', 6, 0, 0),
(6, 15, 22, 100, '2026-06-18 01:54:45', '2026-06-18 01:54:45', 0, 0, 0),
(7, 15, 23, 100, '2026-06-18 01:54:45', '2026-06-18 01:54:45', 0, 0, 0),
(8, 15, 24, 100, '2026-06-18 01:54:45', '2026-06-18 01:54:45', 0, 0, 0),
(9, 15, 25, 100, '2026-06-18 01:54:45', '2026-06-18 01:54:45', 0, 0, 0),
(10, 15, 26, 100, '2026-06-18 01:54:45', '2026-06-18 01:54:45', 0, 0, 0),
(11, 15, 27, 100, '2026-06-18 01:54:45', '2026-06-18 01:54:45', 0, 0, 0),
(12, 16, 28, 100, '2026-06-18 01:54:45', '2026-06-18 01:54:45', 0, 0, 0),
(13, 16, 29, 100, '2026-06-18 01:54:45', '2026-06-18 01:54:45', 0, 0, 0),
(14, 16, 30, 100, '2026-06-18 01:54:45', '2026-06-18 01:54:45', 0, 0, 0),
(15, 16, 31, 100, '2026-06-18 01:54:45', '2026-06-18 01:54:45', 0, 0, 0),
(16, 16, 32, 100, '2026-06-18 01:54:45', '2026-06-18 01:54:45', 0, 0, 0),
(17, 16, 33, 100, '2026-06-18 01:54:45', '2026-06-18 01:54:45', 0, 0, 0),
(18, 16, 34, 100, '2026-06-18 01:54:45', '2026-06-18 01:54:45', 0, 0, 0),
(19, 16, 35, 100, '2026-06-18 01:54:45', '2026-06-18 01:54:45', 0, 0, 0),
(20, 16, 36, 100, '2026-06-18 01:54:45', '2026-06-18 01:54:45', 0, 0, 0),
(21, 19, 37, 100, '2026-06-18 01:54:45', '2026-06-18 15:55:16', 11, 0, 0),
(22, 19, 38, 100, '2026-06-18 01:54:45', '2026-06-18 15:55:16', 11, 0, 0),
(23, 19, 39, 100, '2026-06-18 01:54:45', '2026-06-18 15:55:16', 18, 0, 0),
(24, 19, 40, 100, '2026-06-18 01:54:45', '2026-06-18 15:55:16', 1, 0, 0),
(25, 19, 41, 100, '2026-06-18 01:54:45', '2026-06-18 15:55:16', 1, 0, 0),
(26, 19, 42, 100, '2026-06-18 01:54:45', '2026-06-18 01:54:45', 0, 0, 0),
(27, 19, 43, 100, '2026-06-18 01:54:45', '2026-06-18 01:54:45', 0, 0, 0),
(28, 19, 44, 100, '2026-06-18 01:54:45', '2026-06-18 01:54:45', 0, 0, 0),
(29, 19, 45, 100, '2026-06-18 01:54:45', '2026-06-18 01:54:45', 0, 0, 0),
(30, 20, 46, 100, '2026-06-18 01:54:45', '2026-06-18 14:29:58', 40, 0, 0),
(31, 20, 47, 100, '2026-06-18 01:54:45', '2026-06-18 14:29:58', 16, 0, 0),
(32, 20, 48, 100, '2026-06-18 01:54:45', '2026-06-18 14:29:58', 6, 0, 0),
(33, 20, 49, 100, '2026-06-18 01:54:45', '2026-06-18 14:29:58', 6, 0, 0),
(34, 20, 50, 100, '2026-06-18 01:54:45', '2026-06-18 01:54:45', 0, 0, 0),
(35, 20, 51, 100, '2026-06-18 01:54:45', '2026-06-18 01:54:45', 0, 0, 0),
(36, 20, 52, 100, '2026-06-18 01:54:45', '2026-06-18 01:54:45', 0, 0, 0),
(37, 20, 53, 100, '2026-06-18 01:54:45', '2026-06-18 01:54:45', 0, 0, 0),
(38, 20, 54, 100, '2026-06-18 01:54:45', '2026-06-18 01:54:45', 0, 0, 0),
(39, 21, 55, 100, '2026-06-18 01:54:45', '2026-06-18 01:54:45', 0, 0, 0),
(40, 21, 56, 100, '2026-06-18 01:54:45', '2026-06-18 01:54:45', 0, 0, 0),
(41, 21, 57, 100, '2026-06-18 01:54:45', '2026-06-18 01:54:45', 0, 0, 0),
(42, 21, 58, 100, '2026-06-18 01:54:45', '2026-06-18 01:54:45', 0, 0, 0),
(43, 21, 59, 100, '2026-06-18 01:54:45', '2026-06-18 01:54:45', 0, 0, 0),
(44, 21, 60, 100, '2026-06-18 01:54:45', '2026-06-18 01:54:45', 0, 0, 0),
(45, 21, 61, 100, '2026-06-18 01:54:45', '2026-06-18 01:54:45', 0, 0, 0),
(46, 21, 62, 100, '2026-06-18 01:54:45', '2026-06-18 01:54:45', 0, 0, 0),
(47, 21, 63, 100, '2026-06-18 01:54:45', '2026-06-18 01:54:45', 0, 0, 0),
(48, 22, 64, 100, '2026-06-18 01:54:45', '2026-06-18 15:55:16', 10, 0, 0),
(49, 22, 65, 100, '2026-06-18 01:54:45', '2026-06-18 15:55:16', 7, 0, 0),
(50, 22, 66, 100, '2026-06-18 01:54:45', '2026-06-18 15:55:16', 9, 0, 0),
(51, 22, 67, 100, '2026-06-18 01:54:45', '2026-06-18 01:54:45', 0, 0, 0),
(52, 22, 68, 100, '2026-06-18 01:54:45', '2026-06-18 01:54:45', 0, 0, 0),
(53, 22, 69, 100, '2026-06-18 01:54:45', '2026-06-18 01:54:45', 0, 0, 0),
(54, 22, 70, 100, '2026-06-18 01:54:45', '2026-06-18 01:54:45', 0, 0, 0),
(55, 22, 71, 100, '2026-06-18 01:54:45', '2026-06-18 01:54:45', 0, 0, 0),
(56, 22, 72, 100, '2026-06-18 01:54:45', '2026-06-18 01:54:45', 0, 0, 0),
(57, 23, 73, 100, '2026-06-18 01:54:45', '2026-06-18 01:54:45', 0, 0, 0),
(58, 23, 74, 100, '2026-06-18 01:54:45', '2026-06-18 01:54:45', 0, 0, 0),
(59, 23, 75, 100, '2026-06-18 01:54:45', '2026-06-18 01:54:45', 0, 0, 0),
(60, 23, 76, 100, '2026-06-18 01:54:45', '2026-06-18 01:54:45', 0, 0, 0),
(61, 23, 77, 100, '2026-06-18 01:54:45', '2026-06-18 01:54:45', 0, 0, 0),
(62, 23, 78, 100, '2026-06-18 01:54:45', '2026-06-18 01:54:45', 0, 0, 0),
(63, 23, 79, 100, '2026-06-18 01:54:45', '2026-06-18 01:54:45', 0, 0, 0),
(64, 23, 80, 100, '2026-06-18 01:54:45', '2026-06-18 01:54:45', 0, 0, 0),
(65, 23, 81, 100, '2026-06-18 01:54:45', '2026-06-18 01:54:45', 0, 0, 0),
(66, 17, 82, 100, '2026-06-18 01:54:45', '2026-06-18 14:29:58', 24, 0, 0),
(67, 17, 83, 100, '2026-06-18 01:54:45', '2026-06-18 10:30:29', 24, 0, 0),
(68, 17, 84, 100, '2026-06-18 01:54:45', '2026-06-18 01:54:45', 0, 0, 0),
(69, 17, 85, 100, '2026-06-18 01:54:45', '2026-06-18 10:30:29', 12, 0, 0),
(70, 17, 86, 100, '2026-06-18 01:54:45', '2026-06-18 01:54:45', 0, 0, 0),
(71, 17, 87, 100, '2026-06-18 01:54:45', '2026-06-18 14:29:58', 6, 0, 0),
(72, 17, 88, 100, '2026-06-18 01:54:45', '2026-06-18 01:54:45', 0, 0, 0),
(73, 17, 89, 100, '2026-06-18 01:54:45', '2026-06-18 01:54:45', 0, 0, 0),
(74, 17, 90, 100, '2026-06-18 01:54:45', '2026-06-18 01:54:45', 0, 0, 0),
(75, 17, 91, 100, '2026-06-18 01:54:45', '2026-06-18 01:54:45', 0, 0, 0),
(76, 17, 92, 100, '2026-06-18 01:54:45', '2026-06-18 01:54:45', 0, 0, 0),
(77, 18, 93, 100, '2026-06-18 01:54:45', '2026-06-18 01:54:45', 0, 0, 0),
(78, 18, 94, 100, '2026-06-18 01:54:45', '2026-06-18 01:54:45', 0, 0, 0),
(79, 18, 95, 100, '2026-06-18 01:54:45', '2026-06-18 01:54:45', 0, 0, 0),
(80, 18, 96, 100, '2026-06-18 01:54:45', '2026-06-18 01:54:45', 0, 0, 0),
(81, 18, 97, 100, '2026-06-18 01:54:45', '2026-06-18 01:54:45', 0, 0, 0),
(82, 18, 98, 100, '2026-06-18 01:54:45', '2026-06-18 01:54:45', 0, 0, 0),
(83, 18, 99, 100, '2026-06-18 01:54:45', '2026-06-18 01:54:45', 0, 0, 0),
(84, 18, 100, 100, '2026-06-18 01:54:45', '2026-06-18 01:54:45', 0, 0, 0),
(85, 18, 101, 100, '2026-06-18 01:54:45', '2026-06-18 01:54:45', 0, 0, 0),
(86, 18, 102, 100, '2026-06-18 01:54:45', '2026-06-18 01:54:45', 0, 0, 0),
(87, 18, 103, 100, '2026-06-18 01:54:45', '2026-06-18 01:54:45', 0, 0, 0),
(88, 24, 104, 100, '2026-06-18 01:54:45', '2026-06-18 01:54:45', 0, 0, 0),
(89, 24, 105, 100, '2026-06-18 01:54:45', '2026-06-18 01:54:45', 0, 0, 0),
(90, 24, 106, 100, '2026-06-18 01:54:45', '2026-06-18 01:54:45', 0, 0, 0),
(91, 24, 107, 100, '2026-06-18 01:54:45', '2026-06-18 01:54:45', 0, 0, 0),
(92, 24, 108, 100, '2026-06-18 01:54:45', '2026-06-18 01:54:45', 0, 0, 0),
(93, 24, 109, 100, '2026-06-18 01:54:45', '2026-06-18 01:54:45', 0, 0, 0),
(94, 24, 110, 100, '2026-06-18 01:54:45', '2026-06-18 01:54:45', 0, 0, 0),
(95, 24, 111, 100, '2026-06-18 01:54:45', '2026-06-18 01:54:45', 0, 0, 0),
(96, 24, 112, 100, '2026-06-18 01:54:45', '2026-06-18 01:54:45', 0, 0, 0),
(97, 24, 113, 100, '2026-06-18 01:54:45', '2026-06-18 01:54:45', 0, 0, 0),
(98, 24, 114, 100, '2026-06-18 01:54:45', '2026-06-18 01:54:45', 0, 0, 0),
(99, 14, 115, 99, '2026-06-18 01:54:45', '2026-06-18 13:35:19', 0, 1, 0),
(100, 13, 116, 100, '2026-06-18 01:54:45', '2026-06-18 01:54:45', 0, 0, 0),
(101, 25, 182, 100, '2026-06-18 22:41:55', '2026-06-18 22:41:55', 0, 0, 0),
(102, 25, 185, 100, '2026-06-18 22:41:55', '2026-06-18 22:41:55', 0, 0, 0),
(103, 25, 188, 100, '2026-06-18 22:41:55', '2026-06-18 22:41:55', 0, 0, 0),
(104, 25, 191, 100, '2026-06-18 22:41:55', '2026-06-18 22:41:55', 0, 0, 0),
(105, 25, 194, 100, '2026-06-18 22:41:55', '2026-06-18 22:41:55', 0, 0, 0),
(106, 25, 197, 100, '2026-06-18 22:41:55', '2026-06-18 22:41:55', 0, 0, 0),
(107, 25, 200, 100, '2026-06-18 22:41:55', '2026-06-18 22:41:55', 0, 0, 0),
(108, 25, 203, 100, '2026-06-18 22:41:55', '2026-06-18 22:41:55', 0, 0, 0),
(109, 25, 206, 100, '2026-06-18 22:41:55', '2026-06-18 22:41:55', 0, 0, 0),
(110, 25, 209, 100, '2026-06-18 22:41:55', '2026-06-18 22:41:55', 0, 0, 0),
(111, 25, 212, 100, '2026-06-18 22:41:55', '2026-06-18 22:41:55', 0, 0, 0),
(112, 26, 144, 100, '2026-06-18 22:41:55', '2026-06-18 22:41:55', 0, 0, 0),
(113, 26, 145, 100, '2026-06-18 22:41:55', '2026-06-18 22:41:55', 0, 0, 0),
(114, 26, 146, 100, '2026-06-18 22:41:55', '2026-06-18 22:41:55', 0, 0, 0),
(115, 26, 147, 100, '2026-06-18 22:41:55', '2026-06-18 22:41:55', 0, 0, 0),
(116, 26, 148, 100, '2026-06-18 22:41:55', '2026-06-18 22:41:55', 0, 0, 0),
(117, 26, 149, 100, '2026-06-18 22:41:55', '2026-06-18 22:41:55', 0, 0, 0),
(118, 26, 150, 100, '2026-06-18 22:41:55', '2026-06-18 22:41:55', 0, 0, 0),
(119, 26, 151, 100, '2026-06-18 22:41:55', '2026-06-18 22:41:55', 0, 0, 0),
(120, 26, 152, 100, '2026-06-18 22:41:55', '2026-06-18 22:41:55', 0, 0, 0),
(121, 30, 135, 100, '2026-06-18 22:41:55', '2026-06-18 22:41:55', 0, 0, 0),
(122, 30, 136, 100, '2026-06-18 22:41:55', '2026-06-18 22:41:55', 0, 0, 0),
(123, 30, 137, 100, '2026-06-18 22:41:55', '2026-06-18 22:41:55', 0, 0, 0),
(124, 30, 138, 100, '2026-06-18 22:41:55', '2026-06-18 22:41:55', 0, 0, 0),
(125, 30, 139, 100, '2026-06-18 22:41:55', '2026-06-18 22:41:55', 0, 0, 0),
(126, 30, 140, 100, '2026-06-18 22:41:55', '2026-06-18 22:41:55', 0, 0, 0),
(127, 30, 141, 100, '2026-06-18 22:41:55', '2026-06-18 22:41:55', 0, 0, 0),
(128, 30, 142, 100, '2026-06-18 22:41:55', '2026-06-18 22:41:55', 0, 0, 0),
(129, 30, 143, 100, '2026-06-18 22:41:55', '2026-06-18 22:41:55', 0, 0, 0),
(130, 35, 126, 100, '2026-06-18 22:41:55', '2026-06-18 22:41:55', 0, 0, 0),
(131, 35, 127, 100, '2026-06-18 22:41:55', '2026-06-18 22:41:55', 0, 0, 0),
(132, 35, 128, 100, '2026-06-18 22:41:55', '2026-06-18 22:41:55', 0, 0, 0),
(133, 35, 129, 100, '2026-06-18 22:41:55', '2026-06-18 22:41:55', 0, 0, 0),
(134, 35, 130, 100, '2026-06-18 22:41:55', '2026-06-18 22:41:55', 0, 0, 0),
(135, 35, 131, 100, '2026-06-18 22:41:55', '2026-06-18 22:41:55', 0, 0, 0),
(136, 35, 132, 100, '2026-06-18 22:41:55', '2026-06-18 22:41:55', 0, 0, 0),
(137, 35, 133, 100, '2026-06-18 22:41:55', '2026-06-18 22:41:55', 0, 0, 0),
(138, 35, 134, 100, '2026-06-18 22:41:55', '2026-06-18 22:41:55', 0, 0, 0),
(139, 36, 117, 100, '2026-06-18 22:41:55', '2026-06-18 22:41:55', 0, 0, 0),
(140, 36, 118, 100, '2026-06-18 22:41:55', '2026-06-18 22:41:55', 0, 0, 0),
(141, 36, 119, 100, '2026-06-18 22:41:55', '2026-06-18 22:41:55', 0, 0, 0),
(142, 36, 120, 100, '2026-06-18 22:41:55', '2026-06-18 22:41:55', 0, 0, 0),
(143, 36, 121, 100, '2026-06-18 22:41:55', '2026-06-18 22:41:55', 0, 0, 0),
(144, 36, 122, 100, '2026-06-18 22:41:55', '2026-06-18 22:41:55', 0, 0, 0),
(145, 36, 123, 100, '2026-06-18 22:41:55', '2026-06-18 22:41:55', 0, 0, 0),
(146, 36, 124, 100, '2026-06-18 22:41:55', '2026-06-18 22:41:55', 0, 0, 0),
(147, 36, 125, 100, '2026-06-18 22:41:55', '2026-06-18 22:41:55', 0, 0, 0),
(148, 43, 153, 100, '2026-06-18 22:41:55', '2026-06-18 22:41:55', 0, 0, 0),
(149, 43, 154, 100, '2026-06-18 22:41:55', '2026-06-18 22:41:55', 0, 0, 0),
(150, 43, 155, 100, '2026-06-18 22:41:55', '2026-06-18 22:41:55', 0, 0, 0),
(151, 43, 156, 100, '2026-06-18 22:41:55', '2026-06-18 22:41:55', 0, 0, 0),
(152, 43, 157, 100, '2026-06-18 22:41:55', '2026-06-18 22:41:55', 0, 0, 0),
(153, 43, 158, 100, '2026-06-18 22:41:55', '2026-06-18 22:41:55', 0, 0, 0),
(154, 43, 159, 100, '2026-06-18 22:41:55', '2026-06-18 22:41:55', 0, 0, 0),
(155, 43, 160, 100, '2026-06-18 22:41:55', '2026-06-18 22:41:55', 0, 0, 0),
(156, 43, 161, 100, '2026-06-18 22:41:55', '2026-06-18 22:41:55', 0, 0, 0),
(157, 46, 180, 100, '2026-06-18 22:41:55', '2026-06-18 15:55:16', 1, 0, 0),
(158, 46, 183, 100, '2026-06-18 22:41:55', '2026-06-18 15:55:16', 3, 0, 0),
(159, 46, 186, 100, '2026-06-18 22:41:55', '2026-06-18 22:41:55', 0, 0, 0),
(160, 46, 189, 100, '2026-06-18 22:41:55', '2026-06-18 15:55:16', 4, 0, 0),
(161, 46, 192, 100, '2026-06-18 22:41:55', '2026-06-18 22:41:55', 0, 0, 0),
(162, 46, 195, 100, '2026-06-18 22:41:55', '2026-06-18 15:55:16', 1, 0, 0),
(163, 46, 198, 100, '2026-06-18 22:41:55', '2026-06-18 22:41:55', 0, 0, 0),
(164, 46, 201, 100, '2026-06-18 22:41:55', '2026-06-18 15:55:16', 6, 0, 0),
(165, 46, 204, 100, '2026-06-18 22:41:55', '2026-06-18 15:55:16', 1, 0, 0),
(166, 46, 207, 100, '2026-06-18 22:41:55', '2026-06-18 22:41:55', 0, 0, 0),
(167, 46, 210, 100, '2026-06-18 22:41:55', '2026-06-18 22:41:55', 0, 0, 0),
(168, 47, 181, 100, '2026-06-18 22:41:55', '2026-06-18 22:41:55', 0, 0, 0),
(169, 47, 184, 100, '2026-06-18 22:41:55', '2026-06-18 22:41:55', 0, 0, 0),
(170, 47, 187, 100, '2026-06-18 22:41:55', '2026-06-18 22:41:55', 0, 0, 0),
(171, 47, 190, 100, '2026-06-18 22:41:55', '2026-06-18 22:41:55', 0, 0, 0),
(172, 47, 193, 100, '2026-06-18 22:41:55', '2026-06-18 22:41:55', 0, 0, 0),
(173, 47, 196, 100, '2026-06-18 22:41:55', '2026-06-18 22:41:55', 0, 0, 0),
(174, 47, 199, 100, '2026-06-18 22:41:55', '2026-06-18 22:41:55', 0, 0, 0),
(175, 47, 202, 100, '2026-06-18 22:41:55', '2026-06-18 22:41:55', 0, 0, 0),
(176, 47, 205, 100, '2026-06-18 22:41:55', '2026-06-18 22:41:55', 0, 0, 0),
(177, 47, 208, 100, '2026-06-18 22:41:55', '2026-06-18 22:41:55', 0, 0, 0),
(178, 47, 211, 100, '2026-06-18 22:41:55', '2026-06-18 22:41:55', 0, 0, 0);

-- --------------------------------------------------------

--
-- Cấu trúc bảng cho bảng `inventory_imports`
--

CREATE TABLE `inventory_imports` (
  `id` bigint(20) UNSIGNED NOT NULL,
  `costume_id` bigint(20) UNSIGNED NOT NULL,
  `costume_size_id` bigint(20) UNSIGNED NOT NULL,
  `quantity` int(11) NOT NULL,
  `note` text DEFAULT NULL,
  `created_at` timestamp NULL DEFAULT NULL,
  `updated_at` timestamp NULL DEFAULT NULL
) ENGINE=InnoDB DEFAULT CHARSET=utf8mb4 COLLATE=utf8mb4_unicode_ci;

-- --------------------------------------------------------

--
-- Cấu trúc bảng cho bảng `inventory_logs`
--

CREATE TABLE `inventory_logs` (
  `id` bigint(20) UNSIGNED NOT NULL,
  `costume_id` bigint(20) UNSIGNED NOT NULL,
  `costume_size_id` bigint(20) UNSIGNED DEFAULT NULL,
  `type` enum('import','export','return','adjust') NOT NULL,
  `quantity` int(11) NOT NULL,
  `note` text DEFAULT NULL,
  `created_at` timestamp NULL DEFAULT NULL,
  `updated_at` timestamp NULL DEFAULT NULL
) ENGINE=InnoDB DEFAULT CHARSET=utf8mb4 COLLATE=utf8mb4_unicode_ci;

--
-- Đang đổ dữ liệu cho bảng `inventory_logs`
--

INSERT INTO `inventory_logs` (`id`, `costume_id`, `costume_size_id`, `type`, `quantity`, `note`, `created_at`, `updated_at`) VALUES
(1, 14, 115, 'import', 100, NULL, '2026-06-18 01:51:18', '2026-06-18 01:51:18'),
(2, 13, 116, 'import', 100, NULL, '2026-06-18 01:51:29', '2026-06-18 01:51:29');

-- --------------------------------------------------------

--
-- Cấu trúc bảng cho bảng `jobs`
--

CREATE TABLE `jobs` (
  `id` bigint(20) UNSIGNED NOT NULL,
  `queue` varchar(255) NOT NULL,
  `payload` longtext NOT NULL,
  `attempts` tinyint(3) UNSIGNED NOT NULL,
  `reserved_at` int(10) UNSIGNED DEFAULT NULL,
  `available_at` int(10) UNSIGNED NOT NULL,
  `created_at` int(10) UNSIGNED NOT NULL
) ENGINE=InnoDB DEFAULT CHARSET=utf8mb4 COLLATE=utf8mb4_unicode_ci;

-- --------------------------------------------------------

--
-- Cấu trúc bảng cho bảng `job_batches`
--

CREATE TABLE `job_batches` (
  `id` varchar(255) NOT NULL,
  `name` varchar(255) NOT NULL,
  `total_jobs` int(11) NOT NULL,
  `pending_jobs` int(11) NOT NULL,
  `failed_jobs` int(11) NOT NULL,
  `failed_job_ids` longtext NOT NULL,
  `options` mediumtext DEFAULT NULL,
  `cancelled_at` int(11) DEFAULT NULL,
  `created_at` int(11) NOT NULL,
  `finished_at` int(11) DEFAULT NULL
) ENGINE=InnoDB DEFAULT CHARSET=utf8mb4 COLLATE=utf8mb4_unicode_ci;

-- --------------------------------------------------------

--
-- Cấu trúc bảng cho bảng `migrations`
--

CREATE TABLE `migrations` (
  `id` int(10) UNSIGNED NOT NULL,
  `migration` varchar(255) NOT NULL,
  `batch` int(11) NOT NULL
) ENGINE=InnoDB DEFAULT CHARSET=utf8mb4 COLLATE=utf8mb4_unicode_ci;

--
-- Đang đổ dữ liệu cho bảng `migrations`
--

INSERT INTO `migrations` (`id`, `migration`, `batch`) VALUES
(1, '0001_01_01_000000_create_users_table', 1),
(2, '0001_01_01_000001_create_cache_table', 1),
(3, '0001_01_01_000002_create_jobs_table', 1),
(4, '2026_06_03_112844_create_costume_categories_table', 1),
(5, '2026_06_03_113026_create_costumes_table', 1),
(6, '2026_06_03_113117_create_costume_sizes_table', 1),
(7, '2026_06_03_113150_create_size_rules_table', 1),
(8, '2026_06_03_113215_create_inventories_table', 1),
(9, '2026_06_03_113256_create_inventory_logs_table', 1),
(10, '2026_06_11_095833_create_inventory_imports_table', 2),
(11, '2026_06_11_101745_add_status_columns_to_inventories_table', 3),
(12, '2026_06_11_113458_create_concepts_table', 4),
(13, '2026_06_11_113536_create_concept_costume_table', 4),
(14, '2026_06_11_120002_add_price_to_concepts_table', 5),
(15, '2026_06_13_092921_create_studios_table', 6),
(16, '2026_06_13_112651_create_rentals_table', 7),
(17, '2026_06_13_112657_create_rental_items_table', 7),
(18, '2026_06_13_163452_create_rentals_table', 8),
(19, '2026_06_13_163524_create_rental_extra_items_table', 8),
(20, '2026_06_13_163554_create_rental_students_table', 8),
(21, '2026_06_13_163613_create_rental_student_sizes_table', 8),
(22, '2026_06_15_095136_add_gender_to_size_rules_table', 9),
(23, '2026_06_15_110355_add_processing_note_to_rentals_table', 10),
(24, '2026_06_15_112044_modify_status_enum_in_rentals_table', 11),
(25, '2026_06_16_174201_alter_costume_size_nullable', 12),
(26, '2026_06_16_200808_add_has_size_to_costumes_table', 13),
(27, '2026_06_16_203719_add_extra_costumes_to_rentals_table', 14),
(28, '2026_06_18_154424_create_rental_costumes_table', 15),
(29, '2026_06_18_165037_add_second_concept_and_extra_costume_to_rentals_table', 16),
(30, '2026_06_18_181453_add_discount_percent_to_concepts_table', 17),
(31, '2026_06_18_182012_add_revenue_fields_to_rentals_table', 18),
(32, '2026_06_18_185925_create_rental_revenues_table', 19),
(33, '2026_06_18_222500_create_rental_extra_costume_table', 20);

-- --------------------------------------------------------

--
-- Cấu trúc bảng cho bảng `order_students`
--

CREATE TABLE `order_students` (
  `id` bigint(20) UNSIGNED NOT NULL,
  `rental_order_id` bigint(20) UNSIGNED NOT NULL,
  `name` varchar(255) NOT NULL,
  `gender` varchar(255) NOT NULL,
  `height` double DEFAULT NULL,
  `weight` double DEFAULT NULL,
  `size_top` varchar(255) DEFAULT NULL,
  `size_bottom` varchar(255) DEFAULT NULL,
  `vest_size` varchar(255) DEFAULT NULL,
  `is_manual` tinyint(1) NOT NULL DEFAULT 0,
  `created_at` timestamp NULL DEFAULT NULL,
  `updated_at` timestamp NULL DEFAULT NULL
) ENGINE=InnoDB DEFAULT CHARSET=utf8mb4 COLLATE=utf8mb4_unicode_ci;

-- --------------------------------------------------------

--
-- Cấu trúc bảng cho bảng `password_reset_tokens`
--

CREATE TABLE `password_reset_tokens` (
  `email` varchar(255) NOT NULL,
  `token` varchar(255) NOT NULL,
  `created_at` timestamp NULL DEFAULT NULL
) ENGINE=InnoDB DEFAULT CHARSET=utf8mb4 COLLATE=utf8mb4_unicode_ci;

-- --------------------------------------------------------

--
-- Cấu trúc bảng cho bảng `rentals`
--

CREATE TABLE `rentals` (
  `id` bigint(20) UNSIGNED NOT NULL,
  `code` varchar(255) NOT NULL,
  `studio_id` bigint(20) UNSIGNED NOT NULL,
  `concept_id` bigint(20) UNSIGNED NOT NULL,
  `second_concept_id` bigint(20) UNSIGNED DEFAULT NULL,
  `extra_costume_id` bigint(20) UNSIGNED DEFAULT NULL,
  `graduation_costume_id` bigint(20) UNSIGNED DEFAULT NULL,
  `female_accessory_id` bigint(20) UNSIGNED DEFAULT NULL,
  `male_accessory_id` bigint(20) UNSIGNED DEFAULT NULL,
  `school_name` varchar(255) NOT NULL,
  `class_name` varchar(255) NOT NULL,
  `shooting_date` date NOT NULL,
  `rental_date` date NOT NULL,
  `return_date` date NOT NULL,
  `student_count` int(11) NOT NULL DEFAULT 0,
  `concept_price` decimal(12,0) NOT NULL DEFAULT 0,
  `discount_percent` decimal(5,2) NOT NULL DEFAULT 0.00,
  `discount_amount` decimal(12,0) NOT NULL DEFAULT 0,
  `final_amount` decimal(12,0) NOT NULL DEFAULT 0,
  `total_amount` decimal(12,0) NOT NULL DEFAULT 0,
  `status` enum('draft','sized','approved','renting','processing','completed','returned','cancelled') DEFAULT 'draft',
  `processing_note` text DEFAULT NULL,
  `note` text DEFAULT NULL,
  `created_at` timestamp NULL DEFAULT NULL,
  `updated_at` timestamp NULL DEFAULT NULL
) ENGINE=InnoDB DEFAULT CHARSET=utf8mb4 COLLATE=utf8mb4_unicode_ci;

--
-- Đang đổ dữ liệu cho bảng `rentals`
--

INSERT INTO `rentals` (`id`, `code`, `studio_id`, `concept_id`, `second_concept_id`, `extra_costume_id`, `graduation_costume_id`, `female_accessory_id`, `male_accessory_id`, `school_name`, `class_name`, `shooting_date`, `rental_date`, `return_date`, `student_count`, `concept_price`, `discount_percent`, `discount_amount`, `final_amount`, `total_amount`, `status`, `processing_note`, `note`, `created_at`, `updated_at`) VALUES
(6, 'DH20260618164629', 5, 8, NULL, NULL, 13, 29, 28, 'THPT Đại An', 'TH28.14', '2026-06-24', '2026-06-25', '2026-06-27', 0, 0, 0.00, 0, 0, 0, 'renting', NULL, NULL, '2026-06-18 09:46:29', '2026-06-18 09:46:47'),
(8, 'DH20260618173410', 5, 8, 7, NULL, 14, 29, 28, 'THPT Thăng Long', '12C5', '2026-06-21', '2026-06-22', '2026-06-23', 0, 0, 0.00, 0, 0, 0, 'renting', NULL, NULL, '2026-06-18 10:34:10', '2026-06-18 10:34:58'),
(10, 'DH20260618180645', 5, 8, NULL, NULL, NULL, NULL, 27, 'jnafkqwerf', 'TH28.14', '2026-06-22', '2026-06-23', '2026-06-24', 20, 0, 0.00, 0, 0, 1000000, 'completed', NULL, NULL, '2026-06-18 11:06:45', '2026-06-18 11:36:07'),
(11, 'DH20260618183839', 5, 8, 7, NULL, NULL, 29, 27, 'THPT Đại An', 'Kỹ nghệ phần mềm', '2026-06-20', '2026-06-21', '2026-06-22', 20, 0, 0.00, 0, 0, 3000000, 'completed', NULL, NULL, '2026-06-18 11:38:39', '2026-06-18 11:39:16'),
(12, 'DH20260618190709', 5, 8, 7, NULL, NULL, 29, 28, 'THPT Đại An', 'TH28.14', '2026-07-01', '2026-07-02', '2026-07-03', 20, 0, 0.00, 0, 0, 3000000, 'renting', NULL, NULL, '2026-06-18 12:07:09', '2026-06-18 13:39:13'),
(13, 'DH20260618202337', 5, 8, 7, NULL, NULL, NULL, NULL, 'jnafkqwerf', 'Kỹ nghệ phần mềm', '2026-06-30', '2026-07-01', '2026-07-02', 0, 0, 0.00, 0, 0, 0, 'renting', NULL, NULL, '2026-06-18 13:23:37', '2026-06-18 14:28:56'),
(14, 'DH20260618212940', 5, 8, 7, NULL, NULL, 29, 28, 'THCS Tân Mai', 'TH28.14', '2026-06-20', '2026-06-21', '2026-06-22', 0, 0, 0.00, 0, 0, 0, 'renting', NULL, NULL, '2026-06-18 14:29:40', '2026-06-18 14:29:58'),
(15, 'DH20260618224355', 5, 9, NULL, NULL, 14, 29, 27, 'Hậu Lộc 4 - Thanh Hóa', '12A11', '2026-06-20', '2026-06-18', '2026-06-22', 42, 0, 0.00, 0, 0, 2100000, 'renting', NULL, NULL, '2026-06-18 15:43:55', '2026-06-18 15:55:16');

-- --------------------------------------------------------

--
-- Cấu trúc bảng cho bảng `rental_costumes`
--

CREATE TABLE `rental_costumes` (
  `id` bigint(20) UNSIGNED NOT NULL,
  `rental_id` bigint(20) UNSIGNED NOT NULL,
  `costume_id` bigint(20) UNSIGNED NOT NULL,
  `quantity` int(11) NOT NULL DEFAULT 0,
  `created_at` timestamp NULL DEFAULT NULL,
  `updated_at` timestamp NULL DEFAULT NULL
) ENGINE=InnoDB DEFAULT CHARSET=utf8mb4 COLLATE=utf8mb4_unicode_ci;

-- --------------------------------------------------------

--
-- Cấu trúc bảng cho bảng `rental_extra_costume`
--

CREATE TABLE `rental_extra_costume` (
  `id` bigint(20) UNSIGNED NOT NULL,
  `rental_id` bigint(20) UNSIGNED NOT NULL,
  `costume_id` bigint(20) UNSIGNED NOT NULL,
  `created_at` timestamp NULL DEFAULT NULL,
  `updated_at` timestamp NULL DEFAULT NULL
) ENGINE=InnoDB DEFAULT CHARSET=utf8mb4 COLLATE=utf8mb4_unicode_ci;

-- --------------------------------------------------------

--
-- Cấu trúc bảng cho bảng `rental_extra_items`
--

CREATE TABLE `rental_extra_items` (
  `id` bigint(20) UNSIGNED NOT NULL,
  `rental_id` bigint(20) UNSIGNED NOT NULL,
  `costume_id` bigint(20) UNSIGNED NOT NULL,
  `quantity` int(11) NOT NULL,
  `created_at` timestamp NULL DEFAULT NULL,
  `updated_at` timestamp NULL DEFAULT NULL
) ENGINE=InnoDB DEFAULT CHARSET=utf8mb4 COLLATE=utf8mb4_unicode_ci;

-- --------------------------------------------------------

--
-- Cấu trúc bảng cho bảng `rental_revenues`
--

CREATE TABLE `rental_revenues` (
  `id` bigint(20) UNSIGNED NOT NULL,
  `rental_id` bigint(20) UNSIGNED NOT NULL,
  `concept_id` bigint(20) UNSIGNED NOT NULL,
  `student_count` int(11) NOT NULL DEFAULT 0,
  `price` decimal(12,0) NOT NULL DEFAULT 0,
  `discount_percent` decimal(5,2) NOT NULL DEFAULT 0.00,
  `total_amount` decimal(12,0) NOT NULL DEFAULT 0,
  `discount_amount` decimal(12,0) NOT NULL DEFAULT 0,
  `final_amount` decimal(12,0) NOT NULL DEFAULT 0,
  `created_at` timestamp NULL DEFAULT NULL,
  `updated_at` timestamp NULL DEFAULT NULL
) ENGINE=InnoDB DEFAULT CHARSET=utf8mb4 COLLATE=utf8mb4_unicode_ci;

--
-- Đang đổ dữ liệu cho bảng `rental_revenues`
--

INSERT INTO `rental_revenues` (`id`, `rental_id`, `concept_id`, `student_count`, `price`, `discount_percent`, `total_amount`, `discount_amount`, `final_amount`, `created_at`, `updated_at`) VALUES
(1, 12, 8, 20, 50000, 3.00, 1000000, 30000, 970000, '2026-06-18 12:07:57', '2026-06-18 12:07:57'),
(2, 12, 7, 20, 100000, 10.00, 2000000, 200000, 1800000, '2026-06-18 12:07:57', '2026-06-18 12:07:57'),
(3, 15, 9, 42, 50000, 3.00, 2100000, 63000, 2037000, '2026-06-18 15:49:35', '2026-06-18 15:49:35');

-- --------------------------------------------------------

--
-- Cấu trúc bảng cho bảng `rental_students`
--

CREATE TABLE `rental_students` (
  `id` bigint(20) UNSIGNED NOT NULL,
  `rental_id` bigint(20) UNSIGNED NOT NULL,
  `full_name` varchar(255) NOT NULL,
  `gender` enum('male','female') DEFAULT NULL,
  `height` int(11) DEFAULT NULL,
  `weight` int(11) DEFAULT NULL,
  `created_at` timestamp NULL DEFAULT NULL,
  `updated_at` timestamp NULL DEFAULT NULL
) ENGINE=InnoDB DEFAULT CHARSET=utf8mb4 COLLATE=utf8mb4_unicode_ci;

--
-- Đang đổ dữ liệu cho bảng `rental_students`
--

INSERT INTO `rental_students` (`id`, `rental_id`, `full_name`, `gender`, `height`, `weight`, `created_at`, `updated_at`) VALUES
(121, 6, 'Nguyễn Thị', 'female', 158, 49, '2026-06-18 09:46:36', '2026-06-18 09:46:36'),
(122, 6, 'Đào Thanh Thảo ', 'female', 152, 38, '2026-06-18 09:46:36', '2026-06-18 09:46:36'),
(123, 6, 'Nguyễn Ngọc An', 'female', 160, 42, '2026-06-18 09:46:36', '2026-06-18 09:46:36'),
(124, 6, 'Nguyễn Bảo Hân', 'female', 167, 52, '2026-06-18 09:46:36', '2026-06-18 09:46:36'),
(125, 6, 'Lưu Thu Hiền', 'female', 148, 38, '2026-06-18 09:46:36', '2026-06-18 09:46:36'),
(126, 6, 'PHẠM NGỌC VY', 'female', 153, 42, '2026-06-18 09:46:36', '2026-06-18 09:46:36'),
(127, 6, 'Hoàng Khánh Vy', 'female', 156, 48, '2026-06-18 09:46:36', '2026-06-18 09:46:36'),
(128, 6, 'Đào Duy Anh', 'male', 169, 69, '2026-06-18 09:46:36', '2026-06-18 09:46:36'),
(129, 6, 'Nguyễn Đình Phong', 'male', 156, 42, '2026-06-18 09:46:36', '2026-06-18 09:46:36'),
(130, 6, 'Nguyễn Phương Linh', 'female', 153, 42, '2026-06-18 09:46:36', '2026-06-18 09:46:36'),
(131, 6, 'Nguyễn Thị', 'female', 158, 49, '2026-06-18 09:46:36', '2026-06-18 09:46:36'),
(132, 6, 'Đào Thanh Thảo ', 'female', 152, 38, '2026-06-18 09:46:36', '2026-06-18 09:46:36'),
(133, 6, 'Nguyễn Ngọc An', 'female', 160, 42, '2026-06-18 09:46:36', '2026-06-18 09:46:36'),
(134, 6, 'Nguyễn Bảo Hân', 'female', 167, 52, '2026-06-18 09:46:36', '2026-06-18 09:46:36'),
(135, 6, 'Lưu Thu Hiền', 'female', 148, 38, '2026-06-18 09:46:36', '2026-06-18 09:46:36'),
(136, 6, 'PHẠM NGỌC VY', 'female', 153, 42, '2026-06-18 09:46:36', '2026-06-18 09:46:36'),
(137, 6, 'Hoàng Khánh Vy', 'female', 156, 48, '2026-06-18 09:46:36', '2026-06-18 09:46:36'),
(138, 6, 'Đào Duy Anh', 'male', 169, 69, '2026-06-18 09:46:36', '2026-06-18 09:46:36'),
(139, 6, 'Nguyễn Đình Phong', 'male', 156, 42, '2026-06-18 09:46:36', '2026-06-18 09:46:36'),
(140, 6, 'Nguyễn Phương Linh', 'female', 153, 42, '2026-06-18 09:46:36', '2026-06-18 09:46:36'),
(161, 8, 'Nguyễn Thị', 'female', 158, 49, '2026-06-18 10:34:27', '2026-06-18 10:34:27'),
(162, 8, 'Đào Thanh Thảo ', 'female', 152, 38, '2026-06-18 10:34:27', '2026-06-18 10:34:27'),
(163, 8, 'Nguyễn Ngọc An', 'female', 160, 42, '2026-06-18 10:34:27', '2026-06-18 10:34:27'),
(164, 8, 'Nguyễn Bảo Hân', 'female', 167, 52, '2026-06-18 10:34:27', '2026-06-18 10:34:27'),
(165, 8, 'Lưu Thu Hiền', 'female', 148, 38, '2026-06-18 10:34:27', '2026-06-18 10:34:27'),
(166, 8, 'PHẠM NGỌC VY', 'female', 153, 42, '2026-06-18 10:34:27', '2026-06-18 10:34:27'),
(167, 8, 'Hoàng Khánh Vy', 'female', 156, 48, '2026-06-18 10:34:27', '2026-06-18 10:34:27'),
(168, 8, 'Đào Duy Anh', 'male', 169, 69, '2026-06-18 10:34:27', '2026-06-18 10:34:27'),
(169, 8, 'Nguyễn Đình Phong', 'male', 156, 42, '2026-06-18 10:34:27', '2026-06-18 10:34:27'),
(170, 8, 'Nguyễn Phương Linh', 'female', 153, 42, '2026-06-18 10:34:27', '2026-06-18 10:34:27'),
(171, 8, 'Nguyễn Thị', 'female', 158, 49, '2026-06-18 10:34:27', '2026-06-18 10:34:27'),
(172, 8, 'Đào Thanh Thảo ', 'female', 152, 38, '2026-06-18 10:34:27', '2026-06-18 10:34:27'),
(173, 8, 'Nguyễn Ngọc An', 'female', 160, 42, '2026-06-18 10:34:27', '2026-06-18 10:34:27'),
(174, 8, 'Nguyễn Bảo Hân', 'female', 167, 52, '2026-06-18 10:34:27', '2026-06-18 10:34:27'),
(175, 8, 'Lưu Thu Hiền', 'female', 148, 38, '2026-06-18 10:34:27', '2026-06-18 10:34:27'),
(176, 8, 'PHẠM NGỌC VY', 'female', 153, 42, '2026-06-18 10:34:27', '2026-06-18 10:34:27'),
(177, 8, 'Hoàng Khánh Vy', 'female', 156, 48, '2026-06-18 10:34:27', '2026-06-18 10:34:27'),
(178, 8, 'Đào Duy Anh', 'male', 169, 69, '2026-06-18 10:34:27', '2026-06-18 10:34:27'),
(179, 8, 'Nguyễn Đình Phong', 'male', 156, 42, '2026-06-18 10:34:27', '2026-06-18 10:34:27'),
(180, 8, 'Nguyễn Phương Linh', 'female', 153, 42, '2026-06-18 10:34:27', '2026-06-18 10:34:27'),
(201, 10, 'Nguyễn Thị', 'female', 158, 49, '2026-06-18 11:06:53', '2026-06-18 11:06:53'),
(202, 10, 'Đào Thanh Thảo ', 'female', 152, 38, '2026-06-18 11:06:53', '2026-06-18 11:06:53'),
(203, 10, 'Nguyễn Ngọc An', 'female', 160, 42, '2026-06-18 11:06:53', '2026-06-18 11:06:53'),
(204, 10, 'Nguyễn Bảo Hân', 'female', 167, 52, '2026-06-18 11:06:53', '2026-06-18 11:06:53'),
(205, 10, 'Lưu Thu Hiền', 'female', 148, 38, '2026-06-18 11:06:53', '2026-06-18 11:06:53'),
(206, 10, 'PHẠM NGỌC VY', 'female', 153, 42, '2026-06-18 11:06:53', '2026-06-18 11:06:53'),
(207, 10, 'Hoàng Khánh Vy', 'female', 156, 48, '2026-06-18 11:06:53', '2026-06-18 11:06:53'),
(208, 10, 'Đào Duy Anh', 'male', 169, 69, '2026-06-18 11:06:53', '2026-06-18 11:06:53'),
(209, 10, 'Nguyễn Đình Phong', 'male', 156, 42, '2026-06-18 11:06:53', '2026-06-18 11:06:53'),
(210, 10, 'Nguyễn Phương Linh', 'female', 153, 42, '2026-06-18 11:06:53', '2026-06-18 11:06:53'),
(211, 10, 'Nguyễn Thị', 'female', 158, 49, '2026-06-18 11:06:53', '2026-06-18 11:06:53'),
(212, 10, 'Đào Thanh Thảo ', 'female', 152, 38, '2026-06-18 11:06:53', '2026-06-18 11:06:53'),
(213, 10, 'Nguyễn Ngọc An', 'female', 160, 42, '2026-06-18 11:06:53', '2026-06-18 11:06:53'),
(214, 10, 'Nguyễn Bảo Hân', 'female', 167, 52, '2026-06-18 11:06:53', '2026-06-18 11:06:53'),
(215, 10, 'Lưu Thu Hiền', 'female', 148, 38, '2026-06-18 11:06:53', '2026-06-18 11:06:53'),
(216, 10, 'PHẠM NGỌC VY', 'female', 153, 42, '2026-06-18 11:06:53', '2026-06-18 11:06:53'),
(217, 10, 'Hoàng Khánh Vy', 'female', 156, 48, '2026-06-18 11:06:53', '2026-06-18 11:06:53'),
(218, 10, 'Đào Duy Anh', 'male', 169, 69, '2026-06-18 11:06:53', '2026-06-18 11:06:53'),
(219, 10, 'Nguyễn Đình Phong', 'male', 156, 42, '2026-06-18 11:06:53', '2026-06-18 11:06:53'),
(220, 10, 'Nguyễn Phương Linh', 'female', 153, 42, '2026-06-18 11:06:53', '2026-06-18 11:06:53'),
(221, 11, 'Nguyễn Thị', 'female', 158, 49, '2026-06-18 11:38:52', '2026-06-18 11:38:52'),
(222, 11, 'Đào Thanh Thảo ', 'female', 152, 38, '2026-06-18 11:38:52', '2026-06-18 11:38:52'),
(223, 11, 'Nguyễn Ngọc An', 'female', 160, 42, '2026-06-18 11:38:52', '2026-06-18 11:38:52'),
(224, 11, 'Nguyễn Bảo Hân', 'female', 167, 52, '2026-06-18 11:38:52', '2026-06-18 11:38:52'),
(225, 11, 'Lưu Thu Hiền', 'female', 148, 38, '2026-06-18 11:38:52', '2026-06-18 11:38:52'),
(226, 11, 'PHẠM NGỌC VY', 'female', 153, 42, '2026-06-18 11:38:52', '2026-06-18 11:38:52'),
(227, 11, 'Hoàng Khánh Vy', 'female', 156, 48, '2026-06-18 11:38:52', '2026-06-18 11:38:52'),
(228, 11, 'Đào Duy Anh', 'male', 169, 69, '2026-06-18 11:38:52', '2026-06-18 11:38:52'),
(229, 11, 'Nguyễn Đình Phong', 'male', 156, 42, '2026-06-18 11:38:52', '2026-06-18 11:38:52'),
(230, 11, 'Nguyễn Phương Linh', 'female', 153, 42, '2026-06-18 11:38:52', '2026-06-18 11:38:52'),
(231, 11, 'Nguyễn Thị', 'female', 158, 49, '2026-06-18 11:38:52', '2026-06-18 11:38:52'),
(232, 11, 'Đào Thanh Thảo ', 'female', 152, 38, '2026-06-18 11:38:52', '2026-06-18 11:38:52'),
(233, 11, 'Nguyễn Ngọc An', 'female', 160, 42, '2026-06-18 11:38:52', '2026-06-18 11:38:52'),
(234, 11, 'Nguyễn Bảo Hân', 'female', 167, 52, '2026-06-18 11:38:52', '2026-06-18 11:38:52'),
(235, 11, 'Lưu Thu Hiền', 'female', 148, 38, '2026-06-18 11:38:52', '2026-06-18 11:38:52'),
(236, 11, 'PHẠM NGỌC VY', 'female', 153, 42, '2026-06-18 11:38:52', '2026-06-18 11:38:52'),
(237, 11, 'Hoàng Khánh Vy', 'female', 156, 48, '2026-06-18 11:38:52', '2026-06-18 11:38:52'),
(238, 11, 'Đào Duy Anh', 'male', 169, 69, '2026-06-18 11:38:52', '2026-06-18 11:38:52'),
(239, 11, 'Nguyễn Đình Phong', 'male', 156, 42, '2026-06-18 11:38:52', '2026-06-18 11:38:52'),
(240, 11, 'Nguyễn Phương Linh', 'female', 153, 42, '2026-06-18 11:38:52', '2026-06-18 11:38:52'),
(241, 12, 'Nguyễn Thị', 'female', 158, 49, '2026-06-18 12:07:24', '2026-06-18 12:07:24'),
(242, 12, 'Đào Thanh Thảo ', 'female', 152, 38, '2026-06-18 12:07:24', '2026-06-18 12:07:24'),
(243, 12, 'Nguyễn Ngọc An', 'female', 160, 42, '2026-06-18 12:07:24', '2026-06-18 12:07:24'),
(244, 12, 'Nguyễn Bảo Hân', 'female', 167, 52, '2026-06-18 12:07:24', '2026-06-18 12:07:24'),
(245, 12, 'Lưu Thu Hiền', 'female', 148, 38, '2026-06-18 12:07:24', '2026-06-18 12:07:24'),
(246, 12, 'PHẠM NGỌC VY', 'female', 153, 42, '2026-06-18 12:07:24', '2026-06-18 12:07:24'),
(247, 12, 'Hoàng Khánh Vy', 'female', 156, 48, '2026-06-18 12:07:24', '2026-06-18 12:07:24'),
(248, 12, 'Đào Duy Anh', 'male', 169, 69, '2026-06-18 12:07:24', '2026-06-18 12:07:24'),
(249, 12, 'Nguyễn Đình Phong', 'male', 156, 42, '2026-06-18 12:07:24', '2026-06-18 12:07:24'),
(250, 12, 'Nguyễn Phương Linh', 'female', 153, 42, '2026-06-18 12:07:24', '2026-06-18 12:07:24'),
(251, 12, 'Nguyễn Thị', 'female', 158, 49, '2026-06-18 12:07:24', '2026-06-18 12:07:24'),
(252, 12, 'Đào Thanh Thảo ', 'female', 152, 38, '2026-06-18 12:07:24', '2026-06-18 12:07:24'),
(253, 12, 'Nguyễn Ngọc An', 'female', 160, 42, '2026-06-18 12:07:24', '2026-06-18 12:07:24'),
(254, 12, 'Nguyễn Bảo Hân', 'female', 167, 52, '2026-06-18 12:07:24', '2026-06-18 12:07:24'),
(255, 12, 'Lưu Thu Hiền', 'female', 148, 38, '2026-06-18 12:07:24', '2026-06-18 12:07:24'),
(256, 12, 'PHẠM NGỌC VY', 'female', 153, 42, '2026-06-18 12:07:24', '2026-06-18 12:07:24'),
(257, 12, 'Hoàng Khánh Vy', 'female', 156, 48, '2026-06-18 12:07:24', '2026-06-18 12:07:24'),
(258, 12, 'Đào Duy Anh', 'male', 169, 69, '2026-06-18 12:07:24', '2026-06-18 12:07:24'),
(259, 12, 'Nguyễn Đình Phong', 'male', 156, 42, '2026-06-18 12:07:24', '2026-06-18 12:07:24'),
(260, 12, 'Nguyễn Phương Linh', 'female', 153, 42, '2026-06-18 12:07:24', '2026-06-18 12:07:24'),
(261, 13, 'Nguyễn Thị', 'female', 158, 49, '2026-06-18 14:17:11', '2026-06-18 14:17:11'),
(262, 13, 'Đào Thanh Thảo ', 'female', 152, 38, '2026-06-18 14:17:11', '2026-06-18 14:17:11'),
(263, 13, 'Nguyễn Ngọc An', 'female', 160, 42, '2026-06-18 14:17:11', '2026-06-18 14:17:11'),
(264, 13, 'Nguyễn Bảo Hân', 'female', 167, 52, '2026-06-18 14:17:11', '2026-06-18 14:17:11'),
(265, 13, 'Lưu Thu Hiền', 'female', 148, 38, '2026-06-18 14:17:11', '2026-06-18 14:17:11'),
(266, 13, 'PHẠM NGỌC VY', 'female', 153, 42, '2026-06-18 14:17:11', '2026-06-18 14:17:11'),
(267, 13, 'Hoàng Khánh Vy', 'female', 156, 48, '2026-06-18 14:17:11', '2026-06-18 14:17:11'),
(268, 13, 'Đào Duy Anh', 'male', 169, 69, '2026-06-18 14:17:11', '2026-06-18 14:17:11'),
(269, 13, 'Nguyễn Đình Phong', 'male', 156, 42, '2026-06-18 14:17:11', '2026-06-18 14:17:11'),
(270, 13, 'Nguyễn Phương Linh', 'female', 153, 42, '2026-06-18 14:17:11', '2026-06-18 14:17:11'),
(271, 13, 'Nguyễn Thị', 'female', 158, 49, '2026-06-18 14:17:11', '2026-06-18 14:17:11'),
(272, 13, 'Đào Thanh Thảo ', 'female', 152, 38, '2026-06-18 14:17:11', '2026-06-18 14:17:11'),
(273, 13, 'Nguyễn Ngọc An', 'female', 160, 42, '2026-06-18 14:17:11', '2026-06-18 14:17:11'),
(274, 13, 'Nguyễn Bảo Hân', 'female', 167, 52, '2026-06-18 14:17:11', '2026-06-18 14:17:11'),
(275, 13, 'Lưu Thu Hiền', 'female', 148, 38, '2026-06-18 14:17:11', '2026-06-18 14:17:11'),
(276, 13, 'PHẠM NGỌC VY', 'female', 153, 42, '2026-06-18 14:17:11', '2026-06-18 14:17:11'),
(277, 13, 'Hoàng Khánh Vy', 'female', 156, 48, '2026-06-18 14:17:11', '2026-06-18 14:17:11'),
(278, 13, 'Đào Duy Anh', 'male', 169, 69, '2026-06-18 14:17:11', '2026-06-18 14:17:11'),
(279, 13, 'Nguyễn Đình Phong', 'male', 156, 42, '2026-06-18 14:17:11', '2026-06-18 14:17:11'),
(280, 13, 'Nguyễn Phương Linh', 'female', 153, 42, '2026-06-18 14:17:11', '2026-06-18 14:17:11'),
(281, 14, 'Nguyễn Thị', 'female', 158, 49, '2026-06-18 14:29:55', '2026-06-18 14:29:55'),
(282, 14, 'Đào Thanh Thảo ', 'female', 152, 38, '2026-06-18 14:29:55', '2026-06-18 14:29:55'),
(283, 14, 'Nguyễn Ngọc An', 'female', 160, 42, '2026-06-18 14:29:55', '2026-06-18 14:29:55'),
(284, 14, 'Nguyễn Bảo Hân', 'female', 167, 52, '2026-06-18 14:29:55', '2026-06-18 14:29:55'),
(285, 14, 'Lưu Thu Hiền', 'female', 148, 38, '2026-06-18 14:29:55', '2026-06-18 14:29:55'),
(286, 14, 'PHẠM NGỌC VY', 'female', 153, 42, '2026-06-18 14:29:55', '2026-06-18 14:29:55'),
(287, 14, 'Hoàng Khánh Vy', 'female', 156, 48, '2026-06-18 14:29:55', '2026-06-18 14:29:55'),
(288, 14, 'Đào Duy Anh', 'male', 169, 69, '2026-06-18 14:29:55', '2026-06-18 14:29:55'),
(289, 14, 'Nguyễn Đình Phong', 'male', 156, 42, '2026-06-18 14:29:55', '2026-06-18 14:29:55'),
(290, 14, 'Nguyễn Phương Linh', 'female', 153, 42, '2026-06-18 14:29:55', '2026-06-18 14:29:55'),
(291, 14, 'Nguyễn Thị', 'female', 158, 49, '2026-06-18 14:29:55', '2026-06-18 14:29:55'),
(292, 14, 'Đào Thanh Thảo ', 'female', 152, 38, '2026-06-18 14:29:55', '2026-06-18 14:29:55'),
(293, 14, 'Nguyễn Ngọc An', 'female', 160, 42, '2026-06-18 14:29:55', '2026-06-18 14:29:55'),
(294, 14, 'Nguyễn Bảo Hân', 'female', 167, 52, '2026-06-18 14:29:55', '2026-06-18 14:29:55'),
(295, 14, 'Lưu Thu Hiền', 'female', 148, 38, '2026-06-18 14:29:55', '2026-06-18 14:29:55'),
(296, 14, 'PHẠM NGỌC VY', 'female', 153, 42, '2026-06-18 14:29:55', '2026-06-18 14:29:55'),
(297, 14, 'Hoàng Khánh Vy', 'female', 156, 48, '2026-06-18 14:29:55', '2026-06-18 14:29:55'),
(298, 14, 'Đào Duy Anh', 'male', 169, 69, '2026-06-18 14:29:55', '2026-06-18 14:29:55'),
(299, 14, 'Nguyễn Đình Phong', 'male', 156, 42, '2026-06-18 14:29:55', '2026-06-18 14:29:55'),
(300, 14, 'Nguyễn Phương Linh', 'female', 153, 42, '2026-06-18 14:29:55', '2026-06-18 14:29:55'),
(301, 15, 'Nguyễn Thị Ngọc Ánh', 'female', 162, 45, '2026-06-18 15:48:24', '2026-06-18 15:48:24'),
(302, 15, 'Nguyễn Thuỳ Phương ', 'female', 159, 50, '2026-06-18 15:48:24', '2026-06-18 15:48:24'),
(303, 15, 'phạm thị na', 'female', 167, 53, '2026-06-18 15:48:24', '2026-06-18 15:48:24'),
(304, 15, 'tăng thị minh', 'female', 157, 53, '2026-06-18 15:48:24', '2026-06-18 15:48:24'),
(305, 15, 'mai thanh hà', 'female', 153, 50, '2026-06-18 15:48:24', '2026-06-18 15:48:24'),
(306, 15, 'vũ thu hà', 'female', 162, 40, '2026-06-18 15:48:24', '2026-06-18 15:48:24'),
(307, 15, 'Vũ Thị Bảo Ngọc', 'female', 156, 44, '2026-06-18 15:48:24', '2026-06-18 15:48:24'),
(308, 15, 'Nguyễn Thị Hồng Phương', 'female', 158, 45, '2026-06-18 15:48:24', '2026-06-18 15:48:24'),
(309, 15, 'Nguyễn Đình Đạt', 'male', 163, 48, '2026-06-18 15:48:24', '2026-06-18 15:48:24'),
(310, 15, 'Hoàng Thị Thu Phương ', 'female', 158, 44, '2026-06-18 15:48:24', '2026-06-18 15:48:24'),
(311, 15, 'Phạm Thị Ánh Quyên ', 'female', 150, 41, '2026-06-18 15:48:24', '2026-06-18 15:48:24'),
(312, 15, 'Trần Thị Vy ', 'female', 150, 40, '2026-06-18 15:48:24', '2026-06-18 15:48:24'),
(313, 15, 'Nguyễn Thị Vân Anh B ', 'female', 158, 54, '2026-06-18 15:48:24', '2026-06-18 15:48:24'),
(314, 15, 'Phạm Thúy Mai', 'female', 154, 41, '2026-06-18 15:48:24', '2026-06-18 15:48:24'),
(315, 15, 'Nguyễn Thị Ánh Tuyết', 'female', 162, 51, '2026-06-18 15:48:24', '2026-06-18 15:48:24'),
(316, 15, 'Nguyễn Thị Quyên', 'female', 153, 39, '2026-06-18 15:48:24', '2026-06-18 15:48:24'),
(317, 15, 'Nguyễn Thị Quỳnh ', 'female', 154, 47, '2026-06-18 15:48:24', '2026-06-18 15:48:24'),
(318, 15, 'Đinh Thị Hiếu', 'female', 162, 60, '2026-06-18 15:48:24', '2026-06-18 15:48:24'),
(319, 15, 'Trần Mai Tuyết', 'female', 165, 60, '2026-06-18 15:48:24', '2026-06-18 15:48:24'),
(320, 15, 'nguyễn thị vân anh A', 'female', 159, 47, '2026-06-18 15:48:24', '2026-06-18 15:48:24'),
(321, 15, 'lê thị thuỳ trâm ', 'female', 163, 54, '2026-06-18 15:48:24', '2026-06-18 15:48:24'),
(322, 15, 'Nguyễn Văn Khải', 'male', 152, 42, '2026-06-18 15:48:24', '2026-06-18 15:48:24'),
(323, 15, 'Mai Đức Công Minh', 'male', 170, 54, '2026-06-18 15:48:24', '2026-06-18 15:48:24'),
(324, 15, 'Vũ Văn Thuận', 'male', 160, 46, '2026-06-18 15:48:24', '2026-06-18 15:48:24'),
(325, 15, 'Bùi Văn Tiến', 'male', 175, 55, '2026-06-18 15:48:24', '2026-06-18 15:48:24'),
(326, 15, 'Đinh Trần Nhật Tân', 'male', 165, 56, '2026-06-18 15:48:24', '2026-06-18 15:48:24'),
(327, 15, 'Hoàng Thùy Linh', 'female', 147, 47, '2026-06-18 15:48:24', '2026-06-18 15:48:24'),
(328, 15, 'Mai Sinh Thái', 'male', 180, 60, '2026-06-18 15:48:24', '2026-06-18 15:48:24'),
(329, 15, 'Hoàng Ngọc Lãm ', 'male', 165, 50, '2026-06-18 15:48:24', '2026-06-18 15:48:24'),
(330, 15, 'Nguyễn Thị Hoa', 'female', 150, 42, '2026-06-18 15:48:24', '2026-06-18 15:48:24'),
(331, 15, 'Mai Minh Phương ', 'female', 154, 44, '2026-06-18 15:48:24', '2026-06-18 15:48:24'),
(332, 15, 'Nguyễn Thùy Linh ', 'female', 165, 63, '2026-06-18 15:48:24', '2026-06-18 15:48:24'),
(333, 15, 'Nguyễn thế anh ', 'male', 175, 75, '2026-06-18 15:48:24', '2026-06-18 15:48:24'),
(334, 15, 'Bùi Thị Hà Linh', 'female', 160, 53, '2026-06-18 15:48:24', '2026-06-18 15:48:24'),
(335, 15, 'Trần Đức đạt', 'male', 158, 45, '2026-06-18 15:48:24', '2026-06-18 15:48:24'),
(336, 15, 'Đồng Đại Phúc', 'male', 168, 47, '2026-06-18 15:48:24', '2026-06-18 15:48:24'),
(337, 15, 'Hoàng Việt Anh ', 'male', 169, 52, '2026-06-18 15:48:24', '2026-06-18 15:48:24'),
(338, 15, 'trần văn nam', 'male', 170, 58, '2026-06-18 15:48:24', '2026-06-18 15:48:24'),
(339, 15, 'nguyễn văn huy', 'male', 170, 60, '2026-06-18 15:48:24', '2026-06-18 15:48:24'),
(340, 15, 'nguyễn thành tài', 'male', 172, 58, '2026-06-18 15:48:24', '2026-06-18 15:48:24'),
(341, 15, 'nguyễn ánh tuyết', 'female', 156, 50, '2026-06-18 15:48:24', '2026-06-18 15:48:24'),
(342, 15, 'vũ trường giang', 'male', 165, 62, '2026-06-18 15:48:24', '2026-06-18 15:48:24');

-- --------------------------------------------------------

--
-- Cấu trúc bảng cho bảng `rental_student_sizes`
--

CREATE TABLE `rental_student_sizes` (
  `id` bigint(20) UNSIGNED NOT NULL,
  `rental_student_id` bigint(20) UNSIGNED NOT NULL,
  `costume_id` bigint(20) UNSIGNED NOT NULL,
  `costume_size_id` bigint(20) UNSIGNED DEFAULT NULL,
  `created_at` timestamp NULL DEFAULT NULL,
  `updated_at` timestamp NULL DEFAULT NULL
) ENGINE=InnoDB DEFAULT CHARSET=utf8mb4 COLLATE=utf8mb4_unicode_ci;

--
-- Đang đổ dữ liệu cho bảng `rental_student_sizes`
--

INSERT INTO `rental_student_sizes` (`id`, `rental_student_id`, `costume_id`, `costume_size_id`, `created_at`, `updated_at`) VALUES
(225, 121, 15, 20, '2026-06-18 09:46:37', '2026-06-18 09:46:37'),
(226, 121, 17, 83, '2026-06-18 09:46:37', '2026-06-18 09:46:37'),
(227, 122, 15, 19, '2026-06-18 09:46:37', '2026-06-18 09:46:37'),
(228, 122, 17, 82, '2026-06-18 09:46:37', '2026-06-18 09:46:37'),
(229, 123, 15, 20, '2026-06-18 09:46:37', '2026-06-18 09:46:37'),
(230, 123, 17, 83, '2026-06-18 09:46:37', '2026-06-18 09:46:37'),
(231, 124, 17, 85, '2026-06-18 09:46:37', '2026-06-18 09:46:37'),
(232, 126, 15, 19, '2026-06-18 09:46:37', '2026-06-18 09:46:37'),
(233, 126, 17, 82, '2026-06-18 09:46:37', '2026-06-18 09:46:37'),
(234, 127, 15, 20, '2026-06-18 09:46:37', '2026-06-18 09:46:37'),
(235, 127, 17, 83, '2026-06-18 09:46:37', '2026-06-18 09:46:37'),
(236, 128, 17, 85, '2026-06-18 09:46:37', '2026-06-18 09:46:37'),
(237, 129, 15, 20, '2026-06-18 09:46:37', '2026-06-18 09:46:37'),
(238, 129, 17, 83, '2026-06-18 09:46:37', '2026-06-18 09:46:37'),
(239, 130, 15, 19, '2026-06-18 09:46:37', '2026-06-18 09:46:37'),
(240, 130, 17, 82, '2026-06-18 09:46:37', '2026-06-18 09:46:37'),
(241, 131, 15, 20, '2026-06-18 09:46:37', '2026-06-18 09:46:37'),
(242, 131, 17, 83, '2026-06-18 09:46:37', '2026-06-18 09:46:37'),
(243, 132, 15, 19, '2026-06-18 09:46:37', '2026-06-18 09:46:37'),
(244, 132, 17, 82, '2026-06-18 09:46:37', '2026-06-18 09:46:37'),
(245, 133, 15, 20, '2026-06-18 09:46:37', '2026-06-18 09:46:37'),
(246, 133, 17, 83, '2026-06-18 09:46:37', '2026-06-18 09:46:37'),
(247, 134, 17, 85, '2026-06-18 09:46:37', '2026-06-18 09:46:37'),
(248, 136, 15, 19, '2026-06-18 09:46:37', '2026-06-18 09:46:37'),
(249, 136, 17, 82, '2026-06-18 09:46:37', '2026-06-18 09:46:37'),
(250, 137, 15, 20, '2026-06-18 09:46:37', '2026-06-18 09:46:37'),
(251, 137, 17, 83, '2026-06-18 09:46:37', '2026-06-18 09:46:37'),
(252, 138, 17, 85, '2026-06-18 09:46:37', '2026-06-18 09:46:37'),
(253, 139, 15, 20, '2026-06-18 09:46:37', '2026-06-18 09:46:37'),
(254, 139, 17, 83, '2026-06-18 09:46:37', '2026-06-18 09:46:37'),
(255, 140, 15, 19, '2026-06-18 09:46:37', '2026-06-18 09:46:37'),
(256, 140, 17, 82, '2026-06-18 09:46:37', '2026-06-18 09:46:37'),
(303, 161, 15, 20, '2026-06-18 10:34:31', '2026-06-18 10:34:31'),
(304, 161, 20, 47, '2026-06-18 10:34:31', '2026-06-18 10:34:31'),
(305, 166, 15, 19, '2026-06-18 10:34:31', '2026-06-18 10:34:31'),
(306, 166, 20, 46, '2026-06-18 10:34:31', '2026-06-18 10:34:31'),
(307, 167, 15, 20, '2026-06-18 10:34:31', '2026-06-18 10:34:31'),
(308, 167, 20, 47, '2026-06-18 10:34:31', '2026-06-18 10:34:31'),
(309, 170, 15, 19, '2026-06-18 10:34:31', '2026-06-18 10:34:31'),
(310, 170, 20, 46, '2026-06-18 10:34:31', '2026-06-18 10:34:31'),
(311, 171, 15, 20, '2026-06-18 10:34:31', '2026-06-18 10:34:31'),
(312, 171, 20, 47, '2026-06-18 10:34:31', '2026-06-18 10:34:31'),
(313, 176, 15, 19, '2026-06-18 10:34:31', '2026-06-18 10:34:31'),
(314, 176, 20, 46, '2026-06-18 10:34:31', '2026-06-18 10:34:31'),
(315, 177, 15, 20, '2026-06-18 10:34:31', '2026-06-18 10:34:31'),
(316, 177, 20, 47, '2026-06-18 10:34:31', '2026-06-18 10:34:31'),
(317, 180, 15, 19, '2026-06-18 10:34:31', '2026-06-18 10:34:31'),
(318, 180, 20, 46, '2026-06-18 10:34:31', '2026-06-18 10:34:31'),
(359, 201, 15, 20, '2026-06-18 11:06:55', '2026-06-18 11:06:55'),
(360, 202, 15, 19, '2026-06-18 11:06:55', '2026-06-18 11:06:55'),
(361, 203, 15, 19, '2026-06-18 11:06:55', '2026-06-18 11:06:55'),
(362, 204, 15, 21, '2026-06-18 11:06:55', '2026-06-18 11:06:55'),
(363, 205, 15, 19, '2026-06-18 11:06:55', '2026-06-18 11:06:55'),
(364, 206, 15, 19, '2026-06-18 11:06:55', '2026-06-18 11:06:55'),
(365, 207, 15, 20, '2026-06-18 11:06:55', '2026-06-18 11:06:55'),
(366, 208, 17, 87, '2026-06-18 11:06:55', '2026-06-18 11:06:55'),
(367, 209, 17, 82, '2026-06-18 11:06:55', '2026-06-18 11:06:55'),
(368, 210, 15, 19, '2026-06-18 11:06:55', '2026-06-18 11:06:55'),
(369, 211, 15, 20, '2026-06-18 11:06:55', '2026-06-18 11:06:55'),
(370, 212, 15, 19, '2026-06-18 11:06:55', '2026-06-18 11:06:55'),
(371, 213, 15, 19, '2026-06-18 11:06:55', '2026-06-18 11:06:55'),
(372, 214, 15, 21, '2026-06-18 11:06:55', '2026-06-18 11:06:55'),
(373, 215, 15, 19, '2026-06-18 11:06:55', '2026-06-18 11:06:55'),
(374, 216, 15, 19, '2026-06-18 11:06:55', '2026-06-18 11:06:55'),
(375, 217, 15, 20, '2026-06-18 11:06:55', '2026-06-18 11:06:55'),
(376, 218, 17, 87, '2026-06-18 11:06:55', '2026-06-18 11:06:55'),
(377, 219, 17, 82, '2026-06-18 11:06:55', '2026-06-18 11:06:55'),
(378, 220, 15, 19, '2026-06-18 11:06:55', '2026-06-18 11:06:55'),
(379, 221, 15, 20, '2026-06-18 11:38:54', '2026-06-18 11:38:54'),
(380, 221, 20, 47, '2026-06-18 11:38:54', '2026-06-18 11:38:54'),
(381, 222, 15, 19, '2026-06-18 11:38:54', '2026-06-18 11:38:54'),
(382, 222, 20, 46, '2026-06-18 11:38:54', '2026-06-18 11:38:54'),
(383, 223, 15, 19, '2026-06-18 11:38:54', '2026-06-18 11:38:54'),
(384, 223, 20, 46, '2026-06-18 11:38:54', '2026-06-18 11:38:54'),
(385, 224, 15, 21, '2026-06-18 11:38:54', '2026-06-18 11:38:54'),
(386, 224, 20, 48, '2026-06-18 11:38:54', '2026-06-18 11:38:54'),
(387, 225, 15, 19, '2026-06-18 11:38:54', '2026-06-18 11:38:54'),
(388, 225, 20, 46, '2026-06-18 11:38:54', '2026-06-18 11:38:54'),
(389, 226, 15, 19, '2026-06-18 11:38:54', '2026-06-18 11:38:54'),
(390, 226, 20, 46, '2026-06-18 11:38:54', '2026-06-18 11:38:54'),
(391, 227, 15, 20, '2026-06-18 11:38:54', '2026-06-18 11:38:54'),
(392, 227, 20, 47, '2026-06-18 11:38:54', '2026-06-18 11:38:54'),
(393, 228, 17, 87, '2026-06-18 11:38:54', '2026-06-18 11:38:54'),
(394, 228, 20, 49, '2026-06-18 11:38:54', '2026-06-18 11:38:54'),
(395, 229, 17, 82, '2026-06-18 11:38:54', '2026-06-18 11:38:54'),
(396, 229, 20, 46, '2026-06-18 11:38:54', '2026-06-18 11:38:54'),
(397, 230, 15, 19, '2026-06-18 11:38:54', '2026-06-18 11:38:54'),
(398, 230, 20, 46, '2026-06-18 11:38:54', '2026-06-18 11:38:54'),
(399, 231, 15, 20, '2026-06-18 11:38:54', '2026-06-18 11:38:54'),
(400, 231, 20, 47, '2026-06-18 11:38:54', '2026-06-18 11:38:54'),
(401, 232, 15, 19, '2026-06-18 11:38:54', '2026-06-18 11:38:54'),
(402, 232, 20, 46, '2026-06-18 11:38:54', '2026-06-18 11:38:54'),
(403, 233, 15, 19, '2026-06-18 11:38:54', '2026-06-18 11:38:54'),
(404, 233, 20, 46, '2026-06-18 11:38:54', '2026-06-18 11:38:54'),
(405, 234, 15, 21, '2026-06-18 11:38:54', '2026-06-18 11:38:54'),
(406, 234, 20, 48, '2026-06-18 11:38:54', '2026-06-18 11:38:54'),
(407, 235, 15, 19, '2026-06-18 11:38:54', '2026-06-18 11:38:54'),
(408, 235, 20, 46, '2026-06-18 11:38:54', '2026-06-18 11:38:54'),
(409, 236, 15, 19, '2026-06-18 11:38:54', '2026-06-18 11:38:54'),
(410, 236, 20, 46, '2026-06-18 11:38:54', '2026-06-18 11:38:54'),
(411, 237, 15, 20, '2026-06-18 11:38:54', '2026-06-18 11:38:54'),
(412, 237, 20, 47, '2026-06-18 11:38:54', '2026-06-18 11:38:54'),
(413, 238, 17, 87, '2026-06-18 11:38:54', '2026-06-18 11:38:54'),
(414, 238, 20, 49, '2026-06-18 11:38:54', '2026-06-18 11:38:54'),
(415, 239, 17, 82, '2026-06-18 11:38:54', '2026-06-18 11:38:54'),
(416, 239, 20, 46, '2026-06-18 11:38:54', '2026-06-18 11:38:54'),
(417, 240, 15, 19, '2026-06-18 11:38:54', '2026-06-18 11:38:54'),
(418, 240, 20, 46, '2026-06-18 11:38:54', '2026-06-18 11:38:54'),
(419, 241, 15, 20, '2026-06-18 12:07:26', '2026-06-18 12:07:26'),
(420, 241, 20, 47, '2026-06-18 12:07:26', '2026-06-18 12:07:26'),
(421, 242, 15, 19, '2026-06-18 12:07:26', '2026-06-18 12:07:26'),
(422, 242, 20, 46, '2026-06-18 12:07:26', '2026-06-18 12:07:26'),
(423, 243, 15, 19, '2026-06-18 12:07:26', '2026-06-18 12:07:26'),
(424, 243, 20, 46, '2026-06-18 12:07:26', '2026-06-18 12:07:26'),
(425, 244, 15, 21, '2026-06-18 12:07:26', '2026-06-18 12:07:26'),
(426, 244, 20, 48, '2026-06-18 12:07:26', '2026-06-18 12:07:26'),
(427, 245, 15, 19, '2026-06-18 12:07:26', '2026-06-18 12:07:26'),
(428, 245, 20, 46, '2026-06-18 12:07:26', '2026-06-18 12:07:26'),
(429, 246, 15, 19, '2026-06-18 12:07:26', '2026-06-18 12:07:26'),
(430, 246, 20, 46, '2026-06-18 12:07:26', '2026-06-18 12:07:26'),
(431, 247, 15, 20, '2026-06-18 12:07:26', '2026-06-18 12:07:26'),
(432, 247, 20, 47, '2026-06-18 12:07:26', '2026-06-18 12:07:26'),
(433, 248, 17, 87, '2026-06-18 12:07:26', '2026-06-18 12:07:26'),
(434, 248, 20, 49, '2026-06-18 12:07:26', '2026-06-18 12:07:26'),
(435, 249, 17, 82, '2026-06-18 12:07:26', '2026-06-18 12:07:26'),
(436, 249, 20, 46, '2026-06-18 12:07:26', '2026-06-18 12:07:26'),
(437, 250, 15, 19, '2026-06-18 12:07:26', '2026-06-18 12:07:26'),
(438, 250, 20, 46, '2026-06-18 12:07:26', '2026-06-18 12:07:26'),
(439, 251, 15, 20, '2026-06-18 12:07:26', '2026-06-18 12:07:26'),
(440, 251, 20, 47, '2026-06-18 12:07:26', '2026-06-18 12:07:26'),
(441, 252, 15, 19, '2026-06-18 12:07:26', '2026-06-18 12:07:26'),
(442, 252, 20, 46, '2026-06-18 12:07:26', '2026-06-18 12:07:26'),
(443, 253, 15, 19, '2026-06-18 12:07:26', '2026-06-18 12:07:26'),
(444, 253, 20, 46, '2026-06-18 12:07:26', '2026-06-18 12:07:26'),
(445, 254, 15, 21, '2026-06-18 12:07:26', '2026-06-18 12:07:26'),
(446, 254, 20, 48, '2026-06-18 12:07:26', '2026-06-18 12:07:26'),
(447, 255, 15, 19, '2026-06-18 12:07:26', '2026-06-18 12:07:26'),
(448, 255, 20, 46, '2026-06-18 12:07:26', '2026-06-18 12:07:26'),
(449, 256, 15, 19, '2026-06-18 12:07:26', '2026-06-18 12:07:26'),
(450, 256, 20, 46, '2026-06-18 12:07:26', '2026-06-18 12:07:26'),
(451, 257, 15, 20, '2026-06-18 12:07:26', '2026-06-18 12:07:26'),
(452, 257, 20, 47, '2026-06-18 12:07:26', '2026-06-18 12:07:26'),
(453, 258, 17, 87, '2026-06-18 12:07:26', '2026-06-18 12:07:26'),
(454, 258, 20, 49, '2026-06-18 12:07:26', '2026-06-18 12:07:26'),
(455, 259, 17, 82, '2026-06-18 12:07:26', '2026-06-18 12:07:26'),
(456, 259, 20, 46, '2026-06-18 12:07:26', '2026-06-18 12:07:26'),
(457, 260, 15, 19, '2026-06-18 12:07:26', '2026-06-18 12:07:26'),
(458, 260, 20, 46, '2026-06-18 12:07:26', '2026-06-18 12:07:26'),
(459, 261, 15, 20, '2026-06-18 14:17:14', '2026-06-18 14:17:14'),
(460, 261, 20, 47, '2026-06-18 14:17:14', '2026-06-18 14:17:14'),
(461, 262, 15, 19, '2026-06-18 14:17:14', '2026-06-18 14:17:14'),
(462, 262, 20, 46, '2026-06-18 14:17:14', '2026-06-18 14:17:14'),
(463, 263, 15, 19, '2026-06-18 14:17:14', '2026-06-18 14:17:14'),
(464, 263, 20, 46, '2026-06-18 14:17:14', '2026-06-18 14:17:14'),
(465, 264, 15, 21, '2026-06-18 14:17:14', '2026-06-18 14:17:14'),
(466, 264, 20, 48, '2026-06-18 14:17:14', '2026-06-18 14:17:14'),
(467, 265, 15, 19, '2026-06-18 14:17:14', '2026-06-18 14:17:14'),
(468, 265, 20, 46, '2026-06-18 14:17:14', '2026-06-18 14:17:14'),
(469, 266, 15, 19, '2026-06-18 14:17:14', '2026-06-18 14:17:14'),
(470, 266, 20, 46, '2026-06-18 14:17:14', '2026-06-18 14:17:14'),
(471, 267, 15, 20, '2026-06-18 14:17:14', '2026-06-18 14:17:14'),
(472, 267, 20, 47, '2026-06-18 14:17:14', '2026-06-18 14:17:14'),
(473, 268, 17, 87, '2026-06-18 14:17:14', '2026-06-18 14:17:14'),
(474, 268, 20, 49, '2026-06-18 14:17:14', '2026-06-18 14:17:14'),
(475, 269, 17, 82, '2026-06-18 14:17:14', '2026-06-18 14:17:14'),
(476, 269, 20, 46, '2026-06-18 14:17:14', '2026-06-18 14:17:14'),
(477, 270, 15, 19, '2026-06-18 14:17:14', '2026-06-18 14:17:14'),
(478, 270, 20, 46, '2026-06-18 14:17:14', '2026-06-18 14:17:14'),
(479, 271, 15, 20, '2026-06-18 14:17:14', '2026-06-18 14:17:14'),
(480, 271, 20, 47, '2026-06-18 14:17:14', '2026-06-18 14:17:14'),
(481, 272, 15, 19, '2026-06-18 14:17:14', '2026-06-18 14:17:14'),
(482, 272, 20, 46, '2026-06-18 14:17:14', '2026-06-18 14:17:14'),
(483, 273, 15, 19, '2026-06-18 14:17:14', '2026-06-18 14:17:14'),
(484, 273, 20, 46, '2026-06-18 14:17:14', '2026-06-18 14:17:14'),
(485, 274, 15, 21, '2026-06-18 14:17:14', '2026-06-18 14:17:14'),
(486, 274, 20, 48, '2026-06-18 14:17:14', '2026-06-18 14:17:14'),
(487, 275, 15, 19, '2026-06-18 14:17:14', '2026-06-18 14:17:14'),
(488, 275, 20, 46, '2026-06-18 14:17:14', '2026-06-18 14:17:14'),
(489, 276, 15, 19, '2026-06-18 14:17:14', '2026-06-18 14:17:14'),
(490, 276, 20, 46, '2026-06-18 14:17:14', '2026-06-18 14:17:14'),
(491, 277, 15, 20, '2026-06-18 14:17:14', '2026-06-18 14:17:14'),
(492, 277, 20, 47, '2026-06-18 14:17:14', '2026-06-18 14:17:14'),
(493, 278, 17, 87, '2026-06-18 14:17:14', '2026-06-18 14:17:14'),
(494, 278, 20, 49, '2026-06-18 14:17:14', '2026-06-18 14:17:14'),
(495, 279, 17, 82, '2026-06-18 14:17:14', '2026-06-18 14:17:14'),
(496, 279, 20, 46, '2026-06-18 14:17:14', '2026-06-18 14:17:14'),
(497, 280, 15, 19, '2026-06-18 14:17:14', '2026-06-18 14:17:14'),
(498, 280, 20, 46, '2026-06-18 14:17:14', '2026-06-18 14:17:14'),
(499, 281, 15, 20, '2026-06-18 14:29:56', '2026-06-18 14:29:56'),
(500, 281, 20, 46, '2026-06-18 14:29:56', '2026-06-18 15:08:53'),
(501, 282, 15, 19, '2026-06-18 14:29:56', '2026-06-18 14:29:56'),
(502, 282, 20, 46, '2026-06-18 14:29:56', '2026-06-18 14:29:56'),
(503, 283, 15, 19, '2026-06-18 14:29:56', '2026-06-18 14:29:56'),
(504, 283, 20, 46, '2026-06-18 14:29:56', '2026-06-18 14:29:56'),
(505, 284, 15, 21, '2026-06-18 14:29:56', '2026-06-18 14:29:56'),
(506, 284, 20, 48, '2026-06-18 14:29:56', '2026-06-18 14:29:56'),
(507, 285, 15, 19, '2026-06-18 14:29:56', '2026-06-18 14:29:56'),
(508, 285, 20, 46, '2026-06-18 14:29:56', '2026-06-18 14:29:56'),
(509, 286, 15, 19, '2026-06-18 14:29:56', '2026-06-18 14:29:56'),
(510, 286, 20, 46, '2026-06-18 14:29:56', '2026-06-18 14:29:56'),
(511, 287, 15, 20, '2026-06-18 14:29:56', '2026-06-18 14:29:56'),
(512, 287, 20, 47, '2026-06-18 14:29:56', '2026-06-18 14:29:56'),
(513, 288, 17, 87, '2026-06-18 14:29:56', '2026-06-18 14:29:56'),
(514, 288, 20, 49, '2026-06-18 14:29:56', '2026-06-18 14:29:56'),
(515, 289, 17, 82, '2026-06-18 14:29:56', '2026-06-18 14:29:56'),
(516, 289, 20, 46, '2026-06-18 14:29:56', '2026-06-18 14:29:56'),
(517, 290, 15, 19, '2026-06-18 14:29:56', '2026-06-18 14:29:56'),
(518, 290, 20, 46, '2026-06-18 14:29:56', '2026-06-18 14:29:56'),
(519, 291, 15, 20, '2026-06-18 14:29:56', '2026-06-18 14:29:56'),
(520, 291, 20, 47, '2026-06-18 14:29:56', '2026-06-18 14:29:56'),
(521, 292, 15, 19, '2026-06-18 14:29:56', '2026-06-18 14:29:56'),
(522, 292, 20, 46, '2026-06-18 14:29:56', '2026-06-18 14:29:56'),
(523, 293, 15, 19, '2026-06-18 14:29:56', '2026-06-18 14:29:56'),
(524, 293, 20, 46, '2026-06-18 14:29:56', '2026-06-18 14:29:56'),
(525, 294, 15, 21, '2026-06-18 14:29:56', '2026-06-18 14:29:56'),
(526, 294, 20, 48, '2026-06-18 14:29:56', '2026-06-18 14:29:56'),
(527, 295, 15, 19, '2026-06-18 14:29:56', '2026-06-18 14:29:56'),
(528, 295, 20, 46, '2026-06-18 14:29:56', '2026-06-18 14:29:56'),
(529, 296, 15, 19, '2026-06-18 14:29:56', '2026-06-18 14:29:56'),
(530, 296, 20, 46, '2026-06-18 14:29:56', '2026-06-18 14:29:56'),
(531, 297, 15, 20, '2026-06-18 14:29:56', '2026-06-18 14:29:56'),
(532, 297, 20, 47, '2026-06-18 14:29:56', '2026-06-18 14:29:56'),
(533, 298, 17, 87, '2026-06-18 14:29:56', '2026-06-18 14:29:56'),
(534, 298, 20, 49, '2026-06-18 14:29:56', '2026-06-18 14:29:56'),
(535, 299, 17, 82, '2026-06-18 14:29:57', '2026-06-18 14:29:57'),
(536, 299, 20, 46, '2026-06-18 14:29:57', '2026-06-18 14:29:57'),
(537, 300, 15, 19, '2026-06-18 14:29:57', '2026-06-18 14:29:57'),
(538, 300, 20, 46, '2026-06-18 14:29:57', '2026-06-18 14:29:57'),
(539, 301, 19, 38, '2026-06-18 15:48:28', '2026-06-18 15:48:28'),
(540, 301, 22, 65, '2026-06-18 15:48:28', '2026-06-18 15:48:28'),
(541, 302, 19, 38, '2026-06-18 15:48:28', '2026-06-18 15:48:28'),
(542, 302, 22, 65, '2026-06-18 15:48:28', '2026-06-18 15:48:28'),
(543, 303, 19, 39, '2026-06-18 15:48:28', '2026-06-18 15:48:28'),
(544, 303, 22, 66, '2026-06-18 15:48:28', '2026-06-18 15:48:28'),
(545, 304, 19, 39, '2026-06-18 15:48:28', '2026-06-18 15:48:28'),
(546, 304, 22, 66, '2026-06-18 15:48:28', '2026-06-18 15:48:28'),
(547, 305, 19, 38, '2026-06-18 15:48:28', '2026-06-18 15:48:28'),
(548, 305, 22, 65, '2026-06-18 15:48:28', '2026-06-18 15:48:28'),
(549, 306, 19, 37, '2026-06-18 15:48:28', '2026-06-18 15:48:28'),
(550, 306, 22, 64, '2026-06-18 15:48:28', '2026-06-18 15:48:28'),
(551, 307, 19, 37, '2026-06-18 15:48:28', '2026-06-18 15:48:28'),
(552, 307, 22, 64, '2026-06-18 15:48:28', '2026-06-18 15:48:28'),
(553, 308, 19, 38, '2026-06-18 15:48:28', '2026-06-18 15:48:28'),
(554, 308, 22, 65, '2026-06-18 15:48:28', '2026-06-18 15:48:28'),
(555, 309, 46, 183, '2026-06-18 15:48:28', '2026-06-18 15:48:28'),
(556, 309, 19, 38, '2026-06-18 15:48:28', '2026-06-18 15:48:28'),
(557, 310, 19, 37, '2026-06-18 15:48:28', '2026-06-18 15:48:28'),
(558, 310, 22, 64, '2026-06-18 15:48:28', '2026-06-18 15:48:28'),
(559, 311, 19, 37, '2026-06-18 15:48:28', '2026-06-18 15:48:28'),
(560, 311, 22, 64, '2026-06-18 15:48:28', '2026-06-18 15:48:28'),
(561, 312, 19, 37, '2026-06-18 15:48:28', '2026-06-18 15:48:28'),
(562, 312, 22, 64, '2026-06-18 15:48:28', '2026-06-18 15:48:28'),
(563, 313, 19, 39, '2026-06-18 15:48:28', '2026-06-18 15:48:28'),
(564, 313, 22, 66, '2026-06-18 15:48:28', '2026-06-18 15:48:28'),
(565, 314, 19, 37, '2026-06-18 15:48:28', '2026-06-18 15:48:28'),
(566, 314, 22, 64, '2026-06-18 15:48:28', '2026-06-18 15:48:28'),
(567, 315, 19, 39, '2026-06-18 15:48:28', '2026-06-18 15:48:28'),
(568, 315, 22, 66, '2026-06-18 15:48:28', '2026-06-18 15:48:28'),
(569, 316, 19, 37, '2026-06-18 15:48:28', '2026-06-18 15:48:28'),
(570, 316, 22, 64, '2026-06-18 15:48:28', '2026-06-18 15:48:28'),
(571, 317, 19, 38, '2026-06-18 15:48:28', '2026-06-18 15:48:28'),
(572, 317, 22, 65, '2026-06-18 15:48:28', '2026-06-18 15:48:28'),
(573, 318, 19, 39, '2026-06-18 15:48:28', '2026-06-18 15:48:28'),
(574, 318, 22, 66, '2026-06-18 15:48:28', '2026-06-18 15:48:28'),
(575, 319, 19, 39, '2026-06-18 15:48:28', '2026-06-18 15:48:28'),
(576, 319, 22, 66, '2026-06-18 15:48:28', '2026-06-18 15:48:28'),
(577, 320, 19, 38, '2026-06-18 15:48:28', '2026-06-18 15:48:28'),
(578, 320, 22, 65, '2026-06-18 15:48:28', '2026-06-18 15:48:28'),
(579, 321, 19, 39, '2026-06-18 15:48:28', '2026-06-18 15:48:28'),
(580, 321, 22, 66, '2026-06-18 15:48:28', '2026-06-18 15:48:28'),
(581, 322, 46, 180, '2026-06-18 15:48:28', '2026-06-18 15:48:28'),
(582, 322, 19, 37, '2026-06-18 15:48:28', '2026-06-18 15:48:28'),
(583, 323, 46, 201, '2026-06-18 15:48:28', '2026-06-18 15:48:28'),
(584, 323, 19, 39, '2026-06-18 15:48:28', '2026-06-18 15:48:28'),
(585, 324, 46, 183, '2026-06-18 15:48:28', '2026-06-18 15:48:28'),
(586, 324, 19, 38, '2026-06-18 15:48:28', '2026-06-18 15:48:28'),
(587, 325, 46, 201, '2026-06-18 15:48:28', '2026-06-18 15:48:28'),
(588, 325, 19, 39, '2026-06-18 15:48:28', '2026-06-18 15:48:28'),
(589, 326, 46, 201, '2026-06-18 15:48:28', '2026-06-18 15:48:28'),
(590, 326, 19, 39, '2026-06-18 15:48:28', '2026-06-18 15:48:28'),
(591, 327, 19, 37, '2026-06-18 15:48:28', '2026-06-18 15:48:28'),
(592, 327, 22, 64, '2026-06-18 15:48:28', '2026-06-18 15:48:28'),
(593, 328, 46, 204, '2026-06-18 15:48:28', '2026-06-18 15:48:28'),
(594, 328, 19, 40, '2026-06-18 15:48:28', '2026-06-18 15:48:28'),
(595, 329, 46, 201, '2026-06-18 15:48:28', '2026-06-18 15:48:28'),
(596, 329, 19, 39, '2026-06-18 15:48:28', '2026-06-18 15:48:28'),
(597, 330, 19, 37, '2026-06-18 15:48:28', '2026-06-18 15:48:28'),
(598, 330, 22, 64, '2026-06-18 15:48:28', '2026-06-18 15:48:28'),
(599, 331, 19, 37, '2026-06-18 15:48:28', '2026-06-18 15:48:28'),
(600, 331, 22, 64, '2026-06-18 15:48:28', '2026-06-18 15:48:28'),
(601, 332, 19, 39, '2026-06-18 15:48:28', '2026-06-18 15:48:28'),
(602, 332, 22, 66, '2026-06-18 15:48:28', '2026-06-18 15:48:28'),
(603, 333, 46, 195, '2026-06-18 15:48:28', '2026-06-18 15:48:28'),
(604, 333, 19, 41, '2026-06-18 15:48:28', '2026-06-18 15:48:28'),
(605, 334, 19, 39, '2026-06-18 15:48:28', '2026-06-18 15:48:28'),
(606, 334, 22, 66, '2026-06-18 15:48:28', '2026-06-18 15:48:28'),
(607, 335, 46, 183, '2026-06-18 15:48:28', '2026-06-18 15:48:28'),
(608, 335, 19, 38, '2026-06-18 15:48:28', '2026-06-18 15:48:28'),
(609, 336, 46, 201, '2026-06-18 15:48:28', '2026-06-18 15:48:28'),
(610, 336, 19, 38, '2026-06-18 15:48:28', '2026-06-18 15:48:28'),
(611, 337, 46, 201, '2026-06-18 15:48:28', '2026-06-18 15:48:28'),
(612, 337, 19, 39, '2026-06-18 15:48:28', '2026-06-18 15:48:28'),
(613, 338, 46, 189, '2026-06-18 15:48:28', '2026-06-18 15:48:28'),
(614, 338, 19, 39, '2026-06-18 15:48:28', '2026-06-18 15:48:28'),
(615, 339, 46, 189, '2026-06-18 15:48:28', '2026-06-18 15:48:28'),
(616, 339, 19, 39, '2026-06-18 15:48:28', '2026-06-18 15:48:28'),
(617, 340, 46, 189, '2026-06-18 15:48:28', '2026-06-18 15:48:28'),
(618, 340, 19, 39, '2026-06-18 15:48:28', '2026-06-18 15:48:28'),
(619, 341, 19, 38, '2026-06-18 15:48:28', '2026-06-18 15:48:28'),
(620, 341, 22, 65, '2026-06-18 15:48:28', '2026-06-18 15:48:28'),
(621, 342, 46, 189, '2026-06-18 15:48:28', '2026-06-18 15:48:28'),
(622, 342, 19, 39, '2026-06-18 15:48:28', '2026-06-18 15:48:28');

-- --------------------------------------------------------

--
-- Cấu trúc bảng cho bảng `sessions`
--

CREATE TABLE `sessions` (
  `id` varchar(255) NOT NULL,
  `user_id` bigint(20) UNSIGNED DEFAULT NULL,
  `ip_address` varchar(45) DEFAULT NULL,
  `user_agent` text DEFAULT NULL,
  `payload` longtext NOT NULL,
  `last_activity` int(11) NOT NULL
) ENGINE=InnoDB DEFAULT CHARSET=utf8mb4 COLLATE=utf8mb4_unicode_ci;

--
-- Đang đổ dữ liệu cho bảng `sessions`
--

INSERT INTO `sessions` (`id`, `user_id`, `ip_address`, `user_agent`, `payload`, `last_activity`) VALUES
('11NBRoHVTyyKr29927prg3irIhRU0s06Vt1syZSd', NULL, '127.0.0.1', 'Mozilla/5.0 (Windows NT 10.0; Win64; x64) AppleWebKit/537.36 (KHTML, like Gecko) Chrome/147.0.0.0 Safari/537.36', 'YTozOntzOjY6Il90b2tlbiI7czo0MDoiY3F2cnl6eGNIWHVpTEo3Sk9BWElKS2xtN2RGWDlhM3NFY1B4cGVuMiI7czo5OiJfcHJldmlvdXMiO2E6Mjp7czozOiJ1cmwiO3M6NDM6Imh0dHA6Ly8xMjcuMC4wLjE6ODAwMC9hZG1pbi9yZXZlbnVlcy9leHBvcnQiO3M6NToicm91dGUiO3M6MjE6ImFkbWluLnJldmVudWVzLmV4cG9ydCI7fXM6NjoiX2ZsYXNoIjthOjI6e3M6Mzoib2xkIjthOjA6e31zOjM6Im5ldyI7YTowOnt9fX0=', 1781823668),
('xZbW1csN9Ojax0Urw5iHhCbshqtBwUjfHxOMFJuz', NULL, '127.0.0.1', 'Mozilla/5.0 (Windows NT 10.0; Win64; x64) AppleWebKit/537.36 (KHTML, like Gecko) Chrome/147.0.0.0 Safari/537.36', 'YTozOntzOjY6Il90b2tlbiI7czo0MDoiY1IzaWZKdDlteWVJQnFRMVV4U2ZEU2NaNTJaTHBXeFVrckJjcG9PMyI7czo5OiJfcHJldmlvdXMiO2E6Mjp7czozOiJ1cmwiO3M6MzU6Imh0dHA6Ly8xMjcuMC4wLjE6ODAwMC9hZG1pbi9yZXBvcnRzIjtzOjU6InJvdXRlIjtzOjE5OiJhZG1pbi5yZXBvcnRzLmluZGV4Ijt9czo2OiJfZmxhc2giO2E6Mjp7czozOiJvbGQiO2E6MDp7fXM6MzoibmV3IjthOjA6e319fQ==', 1781862266);

-- --------------------------------------------------------

--
-- Cấu trúc bảng cho bảng `size_rules`
--

CREATE TABLE `size_rules` (
  `id` bigint(20) UNSIGNED NOT NULL,
  `costume_size_id` bigint(20) UNSIGNED NOT NULL,
  `height_from` decimal(5,2) DEFAULT NULL,
  `height_to` decimal(5,2) DEFAULT NULL,
  `weight_from` decimal(5,2) DEFAULT NULL,
  `weight_to` decimal(5,2) DEFAULT NULL,
  `created_at` timestamp NULL DEFAULT NULL,
  `updated_at` timestamp NULL DEFAULT NULL,
  `gender` enum('male','female','unisex') NOT NULL DEFAULT 'unisex'
) ENGINE=InnoDB DEFAULT CHARSET=utf8mb4 COLLATE=utf8mb4_unicode_ci;

--
-- Đang đổ dữ liệu cho bảng `size_rules`
--

INSERT INTO `size_rules` (`id`, `costume_size_id`, `height_from`, `height_to`, `weight_from`, `weight_to`, `created_at`, `updated_at`, `gender`) VALUES
(19, 19, 150.00, 155.00, 40.00, 45.00, '2026-06-18 01:38:47', '2026-06-18 01:38:47', 'female'),
(20, 20, 156.00, 160.00, 46.00, 50.00, '2026-06-18 01:38:47', '2026-06-18 01:38:47', 'female'),
(21, 21, 161.00, 165.00, 51.00, 55.00, '2026-06-18 01:38:47', '2026-06-18 01:38:47', 'female'),
(22, 22, 176.00, 180.00, 66.00, 70.00, '2026-06-18 01:38:47', '2026-06-18 01:38:47', 'female'),
(23, 23, 181.00, 185.00, 71.00, 75.00, '2026-06-18 01:38:47', '2026-06-18 01:38:47', 'female'),
(24, 24, 176.00, 180.00, 66.00, 70.00, '2026-06-18 01:38:47', '2026-06-18 01:38:47', 'female'),
(25, 25, 181.00, 185.00, 71.00, 75.00, '2026-06-18 01:38:47', '2026-06-18 01:38:47', 'female'),
(26, 26, 186.00, 190.00, 76.00, 80.00, '2026-06-18 01:38:47', '2026-06-18 01:38:47', 'female'),
(27, 27, 191.00, 200.00, 81.00, 100.00, '2026-06-18 01:38:47', '2026-06-18 01:38:47', 'female'),
(28, 28, 150.00, 155.00, 40.00, 45.00, '2026-06-18 01:38:47', '2026-06-18 01:38:47', 'female'),
(29, 29, 156.00, 160.00, 46.00, 50.00, '2026-06-18 01:38:47', '2026-06-18 01:38:47', 'female'),
(30, 30, 161.00, 165.00, 51.00, 55.00, '2026-06-18 01:38:47', '2026-06-18 01:38:47', 'female'),
(31, 31, 176.00, 180.00, 66.00, 70.00, '2026-06-18 01:38:47', '2026-06-18 01:38:47', 'female'),
(32, 32, 181.00, 185.00, 71.00, 75.00, '2026-06-18 01:38:47', '2026-06-18 01:38:47', 'female'),
(33, 33, 176.00, 180.00, 66.00, 70.00, '2026-06-18 01:38:47', '2026-06-18 01:38:47', 'female'),
(34, 34, 181.00, 185.00, 71.00, 75.00, '2026-06-18 01:38:47', '2026-06-18 01:38:47', 'female'),
(35, 35, 186.00, 190.00, 76.00, 80.00, '2026-06-18 01:38:47', '2026-06-18 01:38:47', 'female'),
(36, 36, 191.00, 200.00, 81.00, 100.00, '2026-06-18 01:38:47', '2026-06-18 01:38:47', 'female'),
(37, 37, 150.00, 155.00, 40.00, 45.00, '2026-06-18 01:38:47', '2026-06-18 01:38:47', 'unisex'),
(38, 38, 156.00, 160.00, 46.00, 50.00, '2026-06-18 01:38:47', '2026-06-18 01:38:47', 'unisex'),
(39, 39, 161.00, 165.00, 51.00, 55.00, '2026-06-18 01:38:47', '2026-06-18 01:38:47', 'unisex'),
(40, 40, 176.00, 180.00, 66.00, 70.00, '2026-06-18 01:38:47', '2026-06-18 01:38:47', 'unisex'),
(41, 41, 181.00, 185.00, 71.00, 75.00, '2026-06-18 01:38:47', '2026-06-18 01:38:47', 'unisex'),
(42, 42, 176.00, 180.00, 66.00, 70.00, '2026-06-18 01:38:47', '2026-06-18 01:38:47', 'unisex'),
(43, 43, 181.00, 185.00, 71.00, 75.00, '2026-06-18 01:38:47', '2026-06-18 01:38:47', 'unisex'),
(44, 44, 186.00, 190.00, 76.00, 80.00, '2026-06-18 01:38:47', '2026-06-18 01:38:47', 'unisex'),
(45, 45, 191.00, 200.00, 81.00, 100.00, '2026-06-18 01:38:47', '2026-06-18 01:38:47', 'unisex'),
(46, 46, 150.00, 155.00, 40.00, 45.00, '2026-06-18 01:38:47', '2026-06-18 01:38:47', 'unisex'),
(47, 47, 156.00, 160.00, 46.00, 50.00, '2026-06-18 01:38:47', '2026-06-18 01:38:47', 'unisex'),
(48, 48, 161.00, 165.00, 51.00, 55.00, '2026-06-18 01:38:47', '2026-06-18 01:38:47', 'unisex'),
(49, 49, 176.00, 180.00, 66.00, 70.00, '2026-06-18 01:38:47', '2026-06-18 01:38:47', 'unisex'),
(50, 50, 181.00, 185.00, 71.00, 75.00, '2026-06-18 01:38:47', '2026-06-18 01:38:47', 'unisex'),
(51, 51, 176.00, 180.00, 66.00, 70.00, '2026-06-18 01:38:47', '2026-06-18 01:38:47', 'unisex'),
(52, 52, 181.00, 185.00, 71.00, 75.00, '2026-06-18 01:38:47', '2026-06-18 01:38:47', 'unisex'),
(53, 53, 186.00, 190.00, 76.00, 80.00, '2026-06-18 01:38:47', '2026-06-18 01:38:47', 'unisex'),
(54, 54, 191.00, 200.00, 81.00, 100.00, '2026-06-18 01:38:47', '2026-06-18 01:38:47', 'unisex'),
(55, 55, 150.00, 155.00, 40.00, 45.00, '2026-06-18 01:38:47', '2026-06-18 01:38:47', 'unisex'),
(56, 56, 156.00, 160.00, 46.00, 50.00, '2026-06-18 01:38:47', '2026-06-18 01:38:47', 'unisex'),
(57, 57, 161.00, 165.00, 51.00, 55.00, '2026-06-18 01:38:47', '2026-06-18 01:38:47', 'unisex'),
(58, 58, 176.00, 180.00, 66.00, 70.00, '2026-06-18 01:38:47', '2026-06-18 01:38:47', 'unisex'),
(59, 59, 181.00, 185.00, 71.00, 75.00, '2026-06-18 01:38:47', '2026-06-18 01:38:47', 'unisex'),
(60, 60, 176.00, 180.00, 66.00, 70.00, '2026-06-18 01:38:47', '2026-06-18 01:38:47', 'unisex'),
(61, 61, 181.00, 185.00, 71.00, 75.00, '2026-06-18 01:38:47', '2026-06-18 01:38:47', 'unisex'),
(62, 62, 186.00, 190.00, 76.00, 80.00, '2026-06-18 01:38:47', '2026-06-18 01:38:47', 'unisex'),
(63, 63, 191.00, 200.00, 81.00, 100.00, '2026-06-18 01:38:47', '2026-06-18 01:38:47', 'unisex'),
(64, 64, 150.00, 155.00, 40.00, 45.00, '2026-06-18 01:38:47', '2026-06-18 01:38:47', 'female'),
(65, 65, 156.00, 160.00, 46.00, 50.00, '2026-06-18 01:38:47', '2026-06-18 01:38:47', 'female'),
(66, 66, 161.00, 165.00, 51.00, 55.00, '2026-06-18 01:38:47', '2026-06-18 01:38:47', 'female'),
(67, 67, 176.00, 180.00, 66.00, 70.00, '2026-06-18 01:38:47', '2026-06-18 01:38:47', 'female'),
(68, 68, 181.00, 185.00, 71.00, 75.00, '2026-06-18 01:38:47', '2026-06-18 01:38:47', 'female'),
(69, 69, 176.00, 180.00, 66.00, 70.00, '2026-06-18 01:38:47', '2026-06-18 01:38:47', 'female'),
(70, 70, 181.00, 185.00, 71.00, 75.00, '2026-06-18 01:38:47', '2026-06-18 01:38:47', 'female'),
(71, 71, 186.00, 190.00, 76.00, 80.00, '2026-06-18 01:38:47', '2026-06-18 01:38:47', 'female'),
(72, 72, 191.00, 200.00, 81.00, 100.00, '2026-06-18 01:38:47', '2026-06-18 01:38:47', 'female'),
(73, 73, 150.00, 155.00, 40.00, 45.00, '2026-06-18 01:38:47', '2026-06-18 01:38:47', 'female'),
(74, 74, 156.00, 160.00, 46.00, 50.00, '2026-06-18 01:38:47', '2026-06-18 01:38:47', 'female'),
(75, 75, 161.00, 165.00, 51.00, 55.00, '2026-06-18 01:38:47', '2026-06-18 01:38:47', 'female'),
(76, 76, 176.00, 180.00, 66.00, 70.00, '2026-06-18 01:38:47', '2026-06-18 01:38:47', 'female'),
(77, 77, 181.00, 185.00, 71.00, 75.00, '2026-06-18 01:38:47', '2026-06-18 01:38:47', 'female'),
(78, 78, 176.00, 180.00, 66.00, 70.00, '2026-06-18 01:38:47', '2026-06-18 01:38:47', 'female'),
(79, 79, 181.00, 185.00, 71.00, 75.00, '2026-06-18 01:38:47', '2026-06-18 01:38:47', 'female'),
(80, 80, 186.00, 190.00, 76.00, 80.00, '2026-06-18 01:38:47', '2026-06-18 01:38:47', 'female'),
(81, 81, 191.00, 200.00, 81.00, 100.00, '2026-06-18 01:38:47', '2026-06-18 01:38:47', 'female'),
(82, 82, 150.00, 155.00, 40.00, 45.00, '2026-06-18 01:38:47', '2026-06-18 01:38:47', 'male'),
(83, 83, 156.00, 160.00, 46.00, 50.00, '2026-06-18 01:38:47', '2026-06-18 01:38:47', 'male'),
(84, 84, 161.00, 165.00, 51.00, 55.00, '2026-06-18 01:38:47', '2026-06-18 01:38:47', 'male'),
(85, 85, 166.00, 170.00, 56.00, 60.00, '2026-06-18 01:38:47', '2026-06-18 01:38:47', 'male'),
(86, 86, 171.00, 175.00, 61.00, 65.00, '2026-06-18 01:38:47', '2026-06-18 01:38:47', 'male'),
(87, 87, 176.00, 180.00, 66.00, 70.00, '2026-06-18 01:38:47', '2026-06-18 01:38:47', 'male'),
(88, 88, 181.00, 185.00, 71.00, 75.00, '2026-06-18 01:38:47', '2026-06-18 01:38:47', 'male'),
(89, 89, 165.00, 170.00, 55.00, 60.00, '2026-06-18 01:38:47', '2026-06-18 01:38:47', 'male'),
(90, 90, 171.00, 175.00, 61.00, 66.00, '2026-06-18 01:38:47', '2026-06-18 01:38:47', 'male'),
(91, 91, 176.00, 180.00, 67.00, 72.00, '2026-06-18 01:38:47', '2026-06-18 01:38:47', 'male'),
(92, 92, 181.00, 190.00, 73.00, 85.00, '2026-06-18 01:38:47', '2026-06-18 01:38:47', 'male'),
(93, 93, 150.00, 155.00, 40.00, 45.00, '2026-06-18 01:38:47', '2026-06-18 01:38:47', 'male'),
(94, 94, 156.00, 160.00, 46.00, 50.00, '2026-06-18 01:38:47', '2026-06-18 01:38:47', 'male'),
(95, 95, 161.00, 165.00, 51.00, 55.00, '2026-06-18 01:38:47', '2026-06-18 01:38:47', 'male'),
(96, 96, 166.00, 170.00, 56.00, 60.00, '2026-06-18 01:38:47', '2026-06-18 01:38:47', 'male'),
(97, 97, 171.00, 175.00, 61.00, 65.00, '2026-06-18 01:38:47', '2026-06-18 01:38:47', 'male'),
(98, 98, 176.00, 180.00, 66.00, 70.00, '2026-06-18 01:38:47', '2026-06-18 01:38:47', 'male'),
(99, 99, 181.00, 185.00, 71.00, 75.00, '2026-06-18 01:38:47', '2026-06-18 01:38:47', 'male'),
(100, 100, 165.00, 170.00, 55.00, 60.00, '2026-06-18 01:38:47', '2026-06-18 01:38:47', 'male'),
(101, 101, 171.00, 175.00, 61.00, 66.00, '2026-06-18 01:38:47', '2026-06-18 01:38:47', 'male'),
(102, 102, 176.00, 180.00, 67.00, 72.00, '2026-06-18 01:38:47', '2026-06-18 01:38:47', 'male'),
(103, 103, 181.00, 190.00, 73.00, 85.00, '2026-06-18 01:38:47', '2026-06-18 01:38:47', 'male'),
(104, 104, 150.00, 155.00, 40.00, 45.00, '2026-06-18 01:38:47', '2026-06-18 01:38:47', 'male'),
(105, 105, 156.00, 160.00, 46.00, 50.00, '2026-06-18 01:38:47', '2026-06-18 01:38:47', 'male'),
(106, 106, 161.00, 165.00, 51.00, 55.00, '2026-06-18 01:38:47', '2026-06-18 01:38:47', 'male'),
(107, 107, 166.00, 170.00, 56.00, 60.00, '2026-06-18 01:38:47', '2026-06-18 01:38:47', 'male'),
(108, 108, 171.00, 175.00, 61.00, 65.00, '2026-06-18 01:38:47', '2026-06-18 01:38:47', 'male'),
(109, 109, 176.00, 180.00, 66.00, 70.00, '2026-06-18 01:38:47', '2026-06-18 01:38:47', 'male'),
(110, 110, 181.00, 185.00, 71.00, 75.00, '2026-06-18 01:38:47', '2026-06-18 01:38:47', 'male'),
(111, 111, 165.00, 170.00, 55.00, 60.00, '2026-06-18 01:38:47', '2026-06-18 01:38:47', 'male'),
(112, 112, 171.00, 175.00, 61.00, 66.00, '2026-06-18 01:38:47', '2026-06-18 01:38:47', 'male'),
(113, 113, 176.00, 180.00, 67.00, 72.00, '2026-06-18 01:38:47', '2026-06-18 01:38:47', 'male'),
(114, 114, 181.00, 190.00, 73.00, 85.00, '2026-06-18 01:38:47', '2026-06-18 01:38:47', 'male'),
(115, 115, 0.00, 0.00, 0.00, 0.00, '2026-06-18 01:50:20', '2026-06-18 01:50:20', 'unisex'),
(116, 116, 0.00, 0.00, 0.00, 0.00, '2026-06-18 01:50:43', '2026-06-18 01:50:43', 'unisex'),
(117, 144, 145.00, 155.00, 35.00, 45.00, '2026-06-18 22:41:55', '2026-06-18 22:41:55', 'female'),
(118, 145, 156.00, 160.00, 46.00, 50.00, '2026-06-18 22:41:55', '2026-06-18 22:41:55', 'female'),
(119, 146, 161.00, 165.00, 51.00, 55.00, '2026-06-18 22:41:55', '2026-06-18 22:41:55', 'female'),
(120, 147, 166.00, 170.00, 56.00, 60.00, '2026-06-18 22:41:55', '2026-06-18 22:41:55', 'female'),
(121, 148, 171.00, 175.00, 61.00, 65.00, '2026-06-18 22:41:55', '2026-06-18 22:41:55', 'female'),
(122, 149, 176.00, 180.00, 66.00, 70.00, '2026-06-18 22:41:55', '2026-06-18 22:41:55', 'female'),
(123, 150, 181.00, 185.00, 71.00, 75.00, '2026-06-18 22:41:55', '2026-06-18 22:41:55', 'female'),
(124, 151, 186.00, 190.00, 76.00, 85.00, '2026-06-18 22:41:55', '2026-06-18 22:41:55', 'female'),
(125, 152, 191.00, 210.00, 86.00, 120.00, '2026-06-18 22:41:55', '2026-06-18 22:41:55', 'female'),
(126, 135, 145.00, 155.00, 35.00, 45.00, '2026-06-18 22:41:55', '2026-06-18 22:41:55', 'female'),
(127, 136, 156.00, 160.00, 46.00, 50.00, '2026-06-18 22:41:55', '2026-06-18 22:41:55', 'female'),
(128, 137, 161.00, 165.00, 51.00, 55.00, '2026-06-18 22:41:55', '2026-06-18 22:41:55', 'female'),
(129, 138, 166.00, 170.00, 56.00, 60.00, '2026-06-18 22:41:55', '2026-06-18 22:41:55', 'female'),
(130, 139, 171.00, 175.00, 61.00, 65.00, '2026-06-18 22:41:55', '2026-06-18 22:41:55', 'female'),
(131, 140, 176.00, 180.00, 66.00, 70.00, '2026-06-18 22:41:55', '2026-06-18 22:41:55', 'female'),
(132, 141, 181.00, 185.00, 71.00, 75.00, '2026-06-18 22:41:55', '2026-06-18 22:41:55', 'female'),
(133, 142, 186.00, 190.00, 76.00, 85.00, '2026-06-18 22:41:55', '2026-06-18 22:41:55', 'female'),
(134, 143, 191.00, 210.00, 86.00, 120.00, '2026-06-18 22:41:55', '2026-06-18 22:41:55', 'female'),
(135, 126, 145.00, 155.00, 35.00, 45.00, '2026-06-18 22:41:55', '2026-06-18 22:41:55', 'female'),
(136, 127, 156.00, 160.00, 46.00, 50.00, '2026-06-18 22:41:55', '2026-06-18 22:41:55', 'female'),
(137, 128, 161.00, 165.00, 51.00, 55.00, '2026-06-18 22:41:55', '2026-06-18 22:41:55', 'female'),
(138, 129, 166.00, 170.00, 56.00, 60.00, '2026-06-18 22:41:55', '2026-06-18 22:41:55', 'female'),
(139, 130, 171.00, 175.00, 61.00, 65.00, '2026-06-18 22:41:55', '2026-06-18 22:41:55', 'female'),
(140, 131, 176.00, 180.00, 66.00, 70.00, '2026-06-18 22:41:55', '2026-06-18 22:41:55', 'female'),
(141, 132, 181.00, 185.00, 71.00, 75.00, '2026-06-18 22:41:55', '2026-06-18 22:41:55', 'female'),
(142, 133, 186.00, 190.00, 76.00, 85.00, '2026-06-18 22:41:55', '2026-06-18 22:41:55', 'female'),
(143, 134, 191.00, 210.00, 86.00, 120.00, '2026-06-18 22:41:55', '2026-06-18 22:41:55', 'female'),
(144, 117, 145.00, 155.00, 35.00, 45.00, '2026-06-18 22:41:55', '2026-06-18 22:41:55', 'female'),
(145, 118, 156.00, 160.00, 46.00, 50.00, '2026-06-18 22:41:55', '2026-06-18 22:41:55', 'female'),
(146, 119, 161.00, 165.00, 51.00, 55.00, '2026-06-18 22:41:55', '2026-06-18 22:41:55', 'female'),
(147, 120, 166.00, 170.00, 56.00, 60.00, '2026-06-18 22:41:55', '2026-06-18 22:41:55', 'female'),
(148, 121, 171.00, 175.00, 61.00, 65.00, '2026-06-18 22:41:55', '2026-06-18 22:41:55', 'female'),
(149, 122, 176.00, 180.00, 66.00, 70.00, '2026-06-18 22:41:55', '2026-06-18 22:41:55', 'female'),
(150, 123, 181.00, 185.00, 71.00, 75.00, '2026-06-18 22:41:55', '2026-06-18 22:41:55', 'female'),
(151, 124, 186.00, 190.00, 76.00, 85.00, '2026-06-18 22:41:55', '2026-06-18 22:41:55', 'female'),
(152, 125, 191.00, 210.00, 86.00, 120.00, '2026-06-18 22:41:55', '2026-06-18 22:41:55', 'female'),
(153, 153, 145.00, 155.00, 35.00, 45.00, '2026-06-18 22:41:55', '2026-06-18 22:41:55', 'female'),
(154, 154, 156.00, 160.00, 46.00, 50.00, '2026-06-18 22:41:55', '2026-06-18 22:41:55', 'female'),
(155, 155, 161.00, 165.00, 51.00, 55.00, '2026-06-18 22:41:55', '2026-06-18 22:41:55', 'female'),
(156, 156, 166.00, 170.00, 56.00, 60.00, '2026-06-18 22:41:55', '2026-06-18 22:41:55', 'female'),
(157, 157, 171.00, 175.00, 61.00, 65.00, '2026-06-18 22:41:55', '2026-06-18 22:41:55', 'female'),
(158, 158, 176.00, 180.00, 66.00, 70.00, '2026-06-18 22:41:55', '2026-06-18 22:41:55', 'female'),
(159, 159, 181.00, 185.00, 71.00, 75.00, '2026-06-18 22:41:55', '2026-06-18 22:41:55', 'female'),
(160, 160, 186.00, 190.00, 76.00, 85.00, '2026-06-18 22:41:55', '2026-06-18 22:41:55', 'female'),
(161, 161, 191.00, 210.00, 86.00, 120.00, '2026-06-18 22:41:55', '2026-06-18 22:41:55', 'female'),
(180, 182, 145.00, 155.00, 35.00, 45.00, '2026-06-18 22:41:55', '2026-06-18 22:41:55', 'male'),
(181, 185, 156.00, 160.00, 46.00, 50.00, '2026-06-18 22:41:55', '2026-06-18 22:41:55', 'male'),
(182, 188, 161.00, 165.00, 51.00, 55.00, '2026-06-18 22:41:55', '2026-06-18 22:41:55', 'male'),
(183, 191, 166.00, 170.00, 56.00, 60.00, '2026-06-18 22:41:55', '2026-06-18 22:41:55', 'male'),
(184, 194, 171.00, 175.00, 61.00, 65.00, '2026-06-18 22:41:55', '2026-06-18 22:41:55', 'male'),
(185, 197, 176.00, 180.00, 66.00, 75.00, '2026-06-18 22:41:55', '2026-06-18 22:41:55', 'male'),
(186, 200, 181.00, 185.00, 76.00, 90.00, '2026-06-18 22:41:55', '2026-06-18 22:41:55', 'male'),
(187, 203, 165.00, 170.00, 50.00, 58.00, '2026-06-18 22:41:55', '2026-06-18 22:41:55', 'male'),
(188, 206, 171.00, 175.00, 59.00, 65.00, '2026-06-18 22:41:55', '2026-06-18 22:41:55', 'male'),
(189, 209, 176.00, 180.00, 66.00, 75.00, '2026-06-18 22:41:55', '2026-06-18 22:41:55', 'male'),
(190, 212, 181.00, 195.00, 76.00, 110.00, '2026-06-18 22:41:55', '2026-06-18 22:41:55', 'male'),
(191, 180, 145.00, 155.00, 35.00, 45.00, '2026-06-18 22:41:55', '2026-06-18 22:41:55', 'male'),
(192, 183, 156.00, 160.00, 46.00, 50.00, '2026-06-18 22:41:55', '2026-06-18 22:41:55', 'male'),
(193, 186, 161.00, 165.00, 51.00, 55.00, '2026-06-18 22:41:55', '2026-06-18 22:41:55', 'male'),
(194, 189, 166.00, 170.00, 56.00, 60.00, '2026-06-18 22:41:55', '2026-06-18 22:41:55', 'male'),
(195, 192, 171.00, 175.00, 61.00, 65.00, '2026-06-18 22:41:55', '2026-06-18 22:41:55', 'male'),
(196, 195, 176.00, 180.00, 66.00, 75.00, '2026-06-18 22:41:55', '2026-06-18 22:41:55', 'male'),
(197, 198, 181.00, 185.00, 76.00, 90.00, '2026-06-18 22:41:55', '2026-06-18 22:41:55', 'male'),
(198, 201, 165.00, 170.00, 50.00, 58.00, '2026-06-18 22:41:55', '2026-06-18 22:41:55', 'male'),
(199, 204, 171.00, 175.00, 59.00, 65.00, '2026-06-18 22:41:55', '2026-06-18 22:41:55', 'male'),
(200, 207, 176.00, 180.00, 66.00, 75.00, '2026-06-18 22:41:55', '2026-06-18 22:41:55', 'male'),
(201, 210, 181.00, 195.00, 76.00, 110.00, '2026-06-18 22:41:55', '2026-06-18 22:41:55', 'male'),
(202, 181, 145.00, 155.00, 35.00, 45.00, '2026-06-18 22:41:55', '2026-06-18 22:41:55', 'male'),
(203, 184, 156.00, 160.00, 46.00, 50.00, '2026-06-18 22:41:55', '2026-06-18 22:41:55', 'male'),
(204, 187, 161.00, 165.00, 51.00, 55.00, '2026-06-18 22:41:55', '2026-06-18 22:41:55', 'male'),
(205, 190, 166.00, 170.00, 56.00, 60.00, '2026-06-18 22:41:55', '2026-06-18 22:41:55', 'male'),
(206, 193, 171.00, 175.00, 61.00, 65.00, '2026-06-18 22:41:55', '2026-06-18 22:41:55', 'male'),
(207, 196, 176.00, 180.00, 66.00, 75.00, '2026-06-18 22:41:55', '2026-06-18 22:41:55', 'male'),
(208, 199, 181.00, 185.00, 76.00, 90.00, '2026-06-18 22:41:55', '2026-06-18 22:41:55', 'male'),
(209, 202, 165.00, 170.00, 50.00, 58.00, '2026-06-18 22:41:55', '2026-06-18 22:41:55', 'male'),
(210, 205, 171.00, 175.00, 59.00, 65.00, '2026-06-18 22:41:55', '2026-06-18 22:41:55', 'male'),
(211, 208, 176.00, 180.00, 66.00, 75.00, '2026-06-18 22:41:55', '2026-06-18 22:41:55', 'male'),
(212, 211, 181.00, 195.00, 76.00, 110.00, '2026-06-18 22:41:55', '2026-06-18 22:41:55', 'male');

-- --------------------------------------------------------

--
-- Cấu trúc bảng cho bảng `studios`
--

CREATE TABLE `studios` (
  `id` bigint(20) UNSIGNED NOT NULL,
  `name` varchar(255) NOT NULL,
  `contact_person` varchar(255) DEFAULT NULL,
  `phone` varchar(255) NOT NULL,
  `email` varchar(255) DEFAULT NULL,
  `address` varchar(255) DEFAULT NULL,
  `note` text DEFAULT NULL,
  `status` tinyint(1) NOT NULL DEFAULT 1,
  `created_at` timestamp NULL DEFAULT NULL,
  `updated_at` timestamp NULL DEFAULT NULL
) ENGINE=InnoDB DEFAULT CHARSET=utf8mb4 COLLATE=utf8mb4_unicode_ci;

--
-- Đang đổ dữ liệu cho bảng `studios`
--

INSERT INTO `studios` (`id`, `name`, `contact_person`, `phone`, `email`, `address`, `note`, `status`, `created_at`, `updated_at`) VALUES
(5, 'Hà Nội Studio', 'Tuấn 6 ngón', '0345318570', NULL, 'Yên Trị', NULL, 1, '2026-06-18 01:43:47', '2026-06-18 01:43:47');

-- --------------------------------------------------------

--
-- Cấu trúc bảng cho bảng `users`
--

CREATE TABLE `users` (
  `id` bigint(20) UNSIGNED NOT NULL,
  `name` varchar(255) NOT NULL,
  `email` varchar(255) NOT NULL,
  `email_verified_at` timestamp NULL DEFAULT NULL,
  `password` varchar(255) NOT NULL,
  `remember_token` varchar(100) DEFAULT NULL,
  `created_at` timestamp NULL DEFAULT NULL,
  `updated_at` timestamp NULL DEFAULT NULL
) ENGINE=InnoDB DEFAULT CHARSET=utf8mb4 COLLATE=utf8mb4_unicode_ci;

--
-- Chỉ mục cho các bảng đã đổ
--

--
-- Chỉ mục cho bảng `cache`
--
ALTER TABLE `cache`
  ADD PRIMARY KEY (`key`),
  ADD KEY `cache_expiration_index` (`expiration`);

--
-- Chỉ mục cho bảng `cache_locks`
--
ALTER TABLE `cache_locks`
  ADD PRIMARY KEY (`key`),
  ADD KEY `cache_locks_expiration_index` (`expiration`);

--
-- Chỉ mục cho bảng `concepts`
--
ALTER TABLE `concepts`
  ADD PRIMARY KEY (`id`);

--
-- Chỉ mục cho bảng `concept_costume`
--
ALTER TABLE `concept_costume`
  ADD PRIMARY KEY (`id`),
  ADD KEY `concept_costume_concept_id_foreign` (`concept_id`),
  ADD KEY `concept_costume_costume_id_foreign` (`costume_id`);

--
-- Chỉ mục cho bảng `costumes`
--
ALTER TABLE `costumes`
  ADD PRIMARY KEY (`id`),
  ADD UNIQUE KEY `costumes_code_unique` (`code`),
  ADD KEY `costumes_category_id_foreign` (`category_id`);

--
-- Chỉ mục cho bảng `costume_categories`
--
ALTER TABLE `costume_categories`
  ADD PRIMARY KEY (`id`);

--
-- Chỉ mục cho bảng `costume_sizes`
--
ALTER TABLE `costume_sizes`
  ADD PRIMARY KEY (`id`),
  ADD KEY `costume_sizes_costume_id_foreign` (`costume_id`);

--
-- Chỉ mục cho bảng `failed_jobs`
--
ALTER TABLE `failed_jobs`
  ADD PRIMARY KEY (`id`),
  ADD UNIQUE KEY `failed_jobs_uuid_unique` (`uuid`);

--
-- Chỉ mục cho bảng `inventories`
--
ALTER TABLE `inventories`
  ADD PRIMARY KEY (`id`),
  ADD KEY `inventories_costume_id_foreign` (`costume_id`),
  ADD KEY `inventories_costume_size_id_foreign` (`costume_size_id`);

--
-- Chỉ mục cho bảng `inventory_imports`
--
ALTER TABLE `inventory_imports`
  ADD PRIMARY KEY (`id`),
  ADD KEY `inventory_imports_costume_id_foreign` (`costume_id`),
  ADD KEY `inventory_imports_costume_size_id_foreign` (`costume_size_id`);

--
-- Chỉ mục cho bảng `inventory_logs`
--
ALTER TABLE `inventory_logs`
  ADD PRIMARY KEY (`id`),
  ADD KEY `inventory_logs_costume_id_foreign` (`costume_id`),
  ADD KEY `inventory_logs_costume_size_id_foreign` (`costume_size_id`);

--
-- Chỉ mục cho bảng `jobs`
--
ALTER TABLE `jobs`
  ADD PRIMARY KEY (`id`),
  ADD KEY `jobs_queue_index` (`queue`);

--
-- Chỉ mục cho bảng `job_batches`
--
ALTER TABLE `job_batches`
  ADD PRIMARY KEY (`id`);

--
-- Chỉ mục cho bảng `migrations`
--
ALTER TABLE `migrations`
  ADD PRIMARY KEY (`id`);

--
-- Chỉ mục cho bảng `order_students`
--
ALTER TABLE `order_students`
  ADD PRIMARY KEY (`id`);

--
-- Chỉ mục cho bảng `password_reset_tokens`
--
ALTER TABLE `password_reset_tokens`
  ADD PRIMARY KEY (`email`);

--
-- Chỉ mục cho bảng `rentals`
--
ALTER TABLE `rentals`
  ADD PRIMARY KEY (`id`),
  ADD UNIQUE KEY `rentals_code_unique` (`code`),
  ADD KEY `rentals_studio_id_foreign` (`studio_id`),
  ADD KEY `rentals_concept_id_foreign` (`concept_id`),
  ADD KEY `rentals_second_concept_id_foreign` (`second_concept_id`),
  ADD KEY `rentals_extra_costume_id_foreign` (`extra_costume_id`);

--
-- Chỉ mục cho bảng `rental_costumes`
--
ALTER TABLE `rental_costumes`
  ADD PRIMARY KEY (`id`),
  ADD KEY `rental_costumes_rental_id_foreign` (`rental_id`),
  ADD KEY `rental_costumes_costume_id_foreign` (`costume_id`);

--
-- Chỉ mục cho bảng `rental_extra_costume`
--
ALTER TABLE `rental_extra_costume`
  ADD PRIMARY KEY (`id`),
  ADD UNIQUE KEY `rental_extra_costume_rental_id_costume_id_unique` (`rental_id`,`costume_id`),
  ADD KEY `rental_extra_costume_costume_id_foreign` (`costume_id`);

--
-- Chỉ mục cho bảng `rental_extra_items`
--
ALTER TABLE `rental_extra_items`
  ADD PRIMARY KEY (`id`),
  ADD KEY `rental_extra_items_rental_id_foreign` (`rental_id`),
  ADD KEY `rental_extra_items_costume_id_foreign` (`costume_id`);

--
-- Chỉ mục cho bảng `rental_revenues`
--
ALTER TABLE `rental_revenues`
  ADD PRIMARY KEY (`id`),
  ADD KEY `rental_revenues_rental_id_foreign` (`rental_id`),
  ADD KEY `rental_revenues_concept_id_foreign` (`concept_id`);

--
-- Chỉ mục cho bảng `rental_students`
--
ALTER TABLE `rental_students`
  ADD PRIMARY KEY (`id`),
  ADD KEY `rental_students_rental_id_foreign` (`rental_id`);

--
-- Chỉ mục cho bảng `rental_student_sizes`
--
ALTER TABLE `rental_student_sizes`
  ADD PRIMARY KEY (`id`),
  ADD KEY `rental_student_sizes_rental_student_id_foreign` (`rental_student_id`),
  ADD KEY `rental_student_sizes_costume_id_foreign` (`costume_id`),
  ADD KEY `rental_student_sizes_costume_size_id_foreign` (`costume_size_id`);

--
-- Chỉ mục cho bảng `sessions`
--
ALTER TABLE `sessions`
  ADD PRIMARY KEY (`id`),
  ADD KEY `sessions_user_id_index` (`user_id`),
  ADD KEY `sessions_last_activity_index` (`last_activity`);

--
-- Chỉ mục cho bảng `size_rules`
--
ALTER TABLE `size_rules`
  ADD PRIMARY KEY (`id`),
  ADD KEY `size_rules_costume_size_id_foreign` (`costume_size_id`);

--
-- Chỉ mục cho bảng `studios`
--
ALTER TABLE `studios`
  ADD PRIMARY KEY (`id`);

--
-- Chỉ mục cho bảng `users`
--
ALTER TABLE `users`
  ADD PRIMARY KEY (`id`),
  ADD UNIQUE KEY `users_email_unique` (`email`);

--
-- AUTO_INCREMENT cho các bảng đã đổ
--

--
-- AUTO_INCREMENT cho bảng `concepts`
--
ALTER TABLE `concepts`
  MODIFY `id` bigint(20) UNSIGNED NOT NULL AUTO_INCREMENT, AUTO_INCREMENT=10;

--
-- AUTO_INCREMENT cho bảng `concept_costume`
--
ALTER TABLE `concept_costume`
  MODIFY `id` bigint(20) UNSIGNED NOT NULL AUTO_INCREMENT, AUTO_INCREMENT=22;

--
-- AUTO_INCREMENT cho bảng `costumes`
--
ALTER TABLE `costumes`
  MODIFY `id` bigint(20) UNSIGNED NOT NULL AUTO_INCREMENT, AUTO_INCREMENT=52;

--
-- AUTO_INCREMENT cho bảng `costume_categories`
--
ALTER TABLE `costume_categories`
  MODIFY `id` bigint(20) UNSIGNED NOT NULL AUTO_INCREMENT, AUTO_INCREMENT=13;

--
-- AUTO_INCREMENT cho bảng `costume_sizes`
--
ALTER TABLE `costume_sizes`
  MODIFY `id` bigint(20) UNSIGNED NOT NULL AUTO_INCREMENT, AUTO_INCREMENT=213;

--
-- AUTO_INCREMENT cho bảng `failed_jobs`
--
ALTER TABLE `failed_jobs`
  MODIFY `id` bigint(20) UNSIGNED NOT NULL AUTO_INCREMENT;

--
-- AUTO_INCREMENT cho bảng `inventories`
--
ALTER TABLE `inventories`
  MODIFY `id` bigint(20) UNSIGNED NOT NULL AUTO_INCREMENT, AUTO_INCREMENT=179;

--
-- AUTO_INCREMENT cho bảng `inventory_imports`
--
ALTER TABLE `inventory_imports`
  MODIFY `id` bigint(20) UNSIGNED NOT NULL AUTO_INCREMENT;

--
-- AUTO_INCREMENT cho bảng `inventory_logs`
--
ALTER TABLE `inventory_logs`
  MODIFY `id` bigint(20) UNSIGNED NOT NULL AUTO_INCREMENT, AUTO_INCREMENT=3;

--
-- AUTO_INCREMENT cho bảng `jobs`
--
ALTER TABLE `jobs`
  MODIFY `id` bigint(20) UNSIGNED NOT NULL AUTO_INCREMENT;

--
-- AUTO_INCREMENT cho bảng `migrations`
--
ALTER TABLE `migrations`
  MODIFY `id` int(10) UNSIGNED NOT NULL AUTO_INCREMENT, AUTO_INCREMENT=34;

--
-- AUTO_INCREMENT cho bảng `order_students`
--
ALTER TABLE `order_students`
  MODIFY `id` bigint(20) UNSIGNED NOT NULL AUTO_INCREMENT;

--
-- AUTO_INCREMENT cho bảng `rentals`
--
ALTER TABLE `rentals`
  MODIFY `id` bigint(20) UNSIGNED NOT NULL AUTO_INCREMENT, AUTO_INCREMENT=16;

--
-- AUTO_INCREMENT cho bảng `rental_costumes`
--
ALTER TABLE `rental_costumes`
  MODIFY `id` bigint(20) UNSIGNED NOT NULL AUTO_INCREMENT;

--
-- AUTO_INCREMENT cho bảng `rental_extra_costume`
--
ALTER TABLE `rental_extra_costume`
  MODIFY `id` bigint(20) UNSIGNED NOT NULL AUTO_INCREMENT;

--
-- AUTO_INCREMENT cho bảng `rental_extra_items`
--
ALTER TABLE `rental_extra_items`
  MODIFY `id` bigint(20) UNSIGNED NOT NULL AUTO_INCREMENT;

--
-- AUTO_INCREMENT cho bảng `rental_revenues`
--
ALTER TABLE `rental_revenues`
  MODIFY `id` bigint(20) UNSIGNED NOT NULL AUTO_INCREMENT, AUTO_INCREMENT=4;

--
-- AUTO_INCREMENT cho bảng `rental_students`
--
ALTER TABLE `rental_students`
  MODIFY `id` bigint(20) UNSIGNED NOT NULL AUTO_INCREMENT, AUTO_INCREMENT=343;

--
-- AUTO_INCREMENT cho bảng `rental_student_sizes`
--
ALTER TABLE `rental_student_sizes`
  MODIFY `id` bigint(20) UNSIGNED NOT NULL AUTO_INCREMENT, AUTO_INCREMENT=623;

--
-- AUTO_INCREMENT cho bảng `size_rules`
--
ALTER TABLE `size_rules`
  MODIFY `id` bigint(20) UNSIGNED NOT NULL AUTO_INCREMENT, AUTO_INCREMENT=213;

--
-- AUTO_INCREMENT cho bảng `studios`
--
ALTER TABLE `studios`
  MODIFY `id` bigint(20) UNSIGNED NOT NULL AUTO_INCREMENT, AUTO_INCREMENT=6;

--
-- AUTO_INCREMENT cho bảng `users`
--
ALTER TABLE `users`
  MODIFY `id` bigint(20) UNSIGNED NOT NULL AUTO_INCREMENT;

--
-- Các ràng buộc cho các bảng đã đổ
--

--
-- Các ràng buộc cho bảng `concept_costume`
--
ALTER TABLE `concept_costume`
  ADD CONSTRAINT `concept_costume_concept_id_foreign` FOREIGN KEY (`concept_id`) REFERENCES `concepts` (`id`) ON DELETE CASCADE,
  ADD CONSTRAINT `concept_costume_costume_id_foreign` FOREIGN KEY (`costume_id`) REFERENCES `costumes` (`id`) ON DELETE CASCADE;

--
-- Các ràng buộc cho bảng `costumes`
--
ALTER TABLE `costumes`
  ADD CONSTRAINT `costumes_category_id_foreign` FOREIGN KEY (`category_id`) REFERENCES `costume_categories` (`id`) ON DELETE CASCADE;

--
-- Các ràng buộc cho bảng `costume_sizes`
--
ALTER TABLE `costume_sizes`
  ADD CONSTRAINT `costume_sizes_costume_id_foreign` FOREIGN KEY (`costume_id`) REFERENCES `costumes` (`id`) ON DELETE CASCADE;

--
-- Các ràng buộc cho bảng `inventories`
--
ALTER TABLE `inventories`
  ADD CONSTRAINT `inventories_costume_id_foreign` FOREIGN KEY (`costume_id`) REFERENCES `costumes` (`id`) ON DELETE CASCADE,
  ADD CONSTRAINT `inventories_costume_size_id_foreign` FOREIGN KEY (`costume_size_id`) REFERENCES `costume_sizes` (`id`) ON DELETE CASCADE;

--
-- Các ràng buộc cho bảng `inventory_imports`
--
ALTER TABLE `inventory_imports`
  ADD CONSTRAINT `inventory_imports_costume_id_foreign` FOREIGN KEY (`costume_id`) REFERENCES `costumes` (`id`) ON DELETE CASCADE,
  ADD CONSTRAINT `inventory_imports_costume_size_id_foreign` FOREIGN KEY (`costume_size_id`) REFERENCES `costume_sizes` (`id`) ON DELETE CASCADE;

--
-- Các ràng buộc cho bảng `inventory_logs`
--
ALTER TABLE `inventory_logs`
  ADD CONSTRAINT `inventory_logs_costume_id_foreign` FOREIGN KEY (`costume_id`) REFERENCES `costumes` (`id`) ON DELETE CASCADE,
  ADD CONSTRAINT `inventory_logs_costume_size_id_foreign` FOREIGN KEY (`costume_size_id`) REFERENCES `costume_sizes` (`id`) ON DELETE SET NULL;

--
-- Các ràng buộc cho bảng `rentals`
--
ALTER TABLE `rentals`
  ADD CONSTRAINT `rentals_concept_id_foreign` FOREIGN KEY (`concept_id`) REFERENCES `concepts` (`id`) ON DELETE CASCADE,
  ADD CONSTRAINT `rentals_extra_costume_id_foreign` FOREIGN KEY (`extra_costume_id`) REFERENCES `costumes` (`id`) ON DELETE SET NULL,
  ADD CONSTRAINT `rentals_second_concept_id_foreign` FOREIGN KEY (`second_concept_id`) REFERENCES `concepts` (`id`) ON DELETE SET NULL,
  ADD CONSTRAINT `rentals_studio_id_foreign` FOREIGN KEY (`studio_id`) REFERENCES `studios` (`id`) ON DELETE CASCADE;

--
-- Các ràng buộc cho bảng `rental_costumes`
--
ALTER TABLE `rental_costumes`
  ADD CONSTRAINT `rental_costumes_costume_id_foreign` FOREIGN KEY (`costume_id`) REFERENCES `costumes` (`id`) ON DELETE CASCADE,
  ADD CONSTRAINT `rental_costumes_rental_id_foreign` FOREIGN KEY (`rental_id`) REFERENCES `rentals` (`id`) ON DELETE CASCADE;

--
-- Các ràng buộc cho bảng `rental_extra_costume`
--
ALTER TABLE `rental_extra_costume`
  ADD CONSTRAINT `rental_extra_costume_costume_id_foreign` FOREIGN KEY (`costume_id`) REFERENCES `costumes` (`id`) ON DELETE CASCADE,
  ADD CONSTRAINT `rental_extra_costume_rental_id_foreign` FOREIGN KEY (`rental_id`) REFERENCES `rentals` (`id`) ON DELETE CASCADE;

--
-- Các ràng buộc cho bảng `rental_extra_items`
--
ALTER TABLE `rental_extra_items`
  ADD CONSTRAINT `rental_extra_items_costume_id_foreign` FOREIGN KEY (`costume_id`) REFERENCES `costumes` (`id`) ON DELETE CASCADE,
  ADD CONSTRAINT `rental_extra_items_rental_id_foreign` FOREIGN KEY (`rental_id`) REFERENCES `rentals` (`id`) ON DELETE CASCADE;

--
-- Các ràng buộc cho bảng `rental_revenues`
--
ALTER TABLE `rental_revenues`
  ADD CONSTRAINT `rental_revenues_concept_id_foreign` FOREIGN KEY (`concept_id`) REFERENCES `concepts` (`id`) ON DELETE CASCADE,
  ADD CONSTRAINT `rental_revenues_rental_id_foreign` FOREIGN KEY (`rental_id`) REFERENCES `rentals` (`id`) ON DELETE CASCADE;

--
-- Các ràng buộc cho bảng `rental_students`
--
ALTER TABLE `rental_students`
  ADD CONSTRAINT `rental_students_rental_id_foreign` FOREIGN KEY (`rental_id`) REFERENCES `rentals` (`id`) ON DELETE CASCADE;

--
-- Các ràng buộc cho bảng `rental_student_sizes`
--
ALTER TABLE `rental_student_sizes`
  ADD CONSTRAINT `rental_student_sizes_costume_id_foreign` FOREIGN KEY (`costume_id`) REFERENCES `costumes` (`id`) ON DELETE CASCADE,
  ADD CONSTRAINT `rental_student_sizes_costume_size_id_foreign` FOREIGN KEY (`costume_size_id`) REFERENCES `costume_sizes` (`id`) ON DELETE CASCADE,
  ADD CONSTRAINT `rental_student_sizes_rental_student_id_foreign` FOREIGN KEY (`rental_student_id`) REFERENCES `rental_students` (`id`) ON DELETE CASCADE;

--
-- Các ràng buộc cho bảng `size_rules`
--
ALTER TABLE `size_rules`
  ADD CONSTRAINT `size_rules_costume_size_id_foreign` FOREIGN KEY (`costume_size_id`) REFERENCES `costume_sizes` (`id`) ON DELETE CASCADE;
COMMIT;

/*!40101 SET CHARACTER_SET_CLIENT=@OLD_CHARACTER_SET_CLIENT */;
/*!40101 SET CHARACTER_SET_RESULTS=@OLD_CHARACTER_SET_RESULTS */;
/*!40101 SET COLLATION_CONNECTION=@OLD_COLLATION_CONNECTION */;
